time,temperature,dewpoint,wind_speed,precipitation,month,year
2023-01-01 00:00:00,17.720489501953125,13.4176025390625,0.7436525821685791,0.002278272993862629,1,2023
2023-01-01 10:00:00,28.41796875,12.180877685546875,0.6209442615509033,0.000650304660666734,1,2023
2023-01-01 20:00:00,18.92205810546875,13.490570068359375,1.2600356340408325,0.001279511721804738,1,2023
2023-01-02 06:00:00,26.137451171875,13.7529296875,1.1283423900604248,0.0067195589654147625,1,2023
2023-01-02 16:00:00,21.720062255859375,13.70684814453125,1.3200386762619019,0.014965628273785114,1,2023
2023-01-03 02:00:00,17.320892333984375,13.978057861328125,1.1453032493591309,0.005491054151207209,1,2023
2023-01-03 12:00:00,26.591522216796875,13.5230712890625,0.5547158122062683,0.02449859119951725,1,2023
2023-01-03 22:00:00,18.680450439453125,14.361297607421875,1.1914461851119995,0.03217117488384247,1,2023
2023-01-04 08:00:00,26.207733154296875,13.7060546875,1.4598419666290283,0.11299504339694977,1,2023
2023-01-04 18:00:00,20.164581298828125,14.03564453125,1.8736437559127808,0.20265890657901764,1,2023
2023-01-05 04:00:00,20.92529296875,14.9815673828125,2.165562629699707,0.09486319124698639,1,2023
2023-01-05 14:00:00,22.77716064453125,15.497100830078125,1.5009918212890625,0.3216477632522583,1,2023
2023-01-06 00:00:00,18.049591064453125,15.10400390625,1.5699738264083862,0.21381555497646332,1,2023
2023-01-06 10:00:00,26.987457275390625,14.5823974609375,1.541904330253601,0.13331811130046844,1,2023
2023-01-06 20:00:00,19.161407470703125,14.991546630859375,1.6409956216812134,0.14473296701908112,1,2023
2023-01-07 06:00:00,24.930755615234375,12.863037109375,1.9755948781967163,0.029410768300294876,1,2023
2023-01-07 16:00:00,20.3289794921875,11.375885009765625,1.5376297235488892,0.05065454542636871,1,2023
2023-01-08 02:00:00,14.785614013671875,10.11322021484375,1.4546602964401245,0.011621509678661823,1,2023
2023-01-08 12:00:00,25.044921875,7.34405517578125,1.497153639793396,0.00022503762738779187,1,2023
2023-01-08 22:00:00,14.721710205078125,7.9150390625,1.2490034103393555,0.00020180927822366357,1,2023
2023-01-09 08:00:00,26.701568603515625,5.675872802734375,1.0222821235656738,1.501440601714421e-05,1,2023
2023-01-09 18:00:00,17.29278564453125,8.033935546875,1.2062894105911255,0.001118007698096335,1,2023
2023-01-10 04:00:00,20.885284423828125,9.10394287109375,1.0406874418258667,4.5051750930724666e-05,1,2023
2023-01-10 14:00:00,22.67340087890625,9.24835205078125,0.9183032512664795,0.00034694670466706157,1,2023
2023-01-11 00:00:00,14.78033447265625,9.7274169921875,0.49610885977745056,0.0002338890772080049,1,2023
2023-01-11 10:00:00,28.74151611328125,7.719879150390625,0.5702216625213623,1.2842540854762774e-05,1,2023
2023-01-11 20:00:00,17.33642578125,10.3958740234375,0.21562841534614563,1.2753104783769231e-05,1,2023
2023-01-12 06:00:00,26.38604736328125,9.98443603515625,0.7925405502319336,1.385188807034865e-05,1,2023
2023-01-12 16:00:00,20.723876953125,11.04339599609375,0.44714343547821045,1.5240842913044617e-05,1,2023
2023-01-13 02:00:00,15.08038330078125,11.5980224609375,0.5074208378791809,6.656234472757205e-05,1,2023
2023-01-13 12:00:00,26.68194580078125,10.05322265625,0.6432002186775208,0.001080766087397933,1,2023
2023-01-13 22:00:00,16.145477294921875,11.31280517578125,0.2677251398563385,0.0014441750245168805,1,2023
2023-01-14 08:00:00,27.402435302734375,10.276397705078125,0.20087000727653503,3.7955877019157924e-07,1,2023
2023-01-14 18:00:00,18.630035400390625,11.04132080078125,1.065008521080017,2.766196303127799e-07,1,2023
2023-01-15 04:00:00,21.22332763671875,11.39862060546875,0.8043748140335083,4.092960080015473e-05,1,2023
2023-01-15 14:00:00,23.09417724609375,11.827606201171875,0.614196240901947,0.0009774081408977509,1,2023
2023-01-16 00:00:00,15.637786865234375,11.80938720703125,0.5937342643737793,0.0007023164653219283,1,2023
2023-01-16 10:00:00,28.708526611328125,10.475494384765625,0.5493417978286743,0.0006400079582817852,1,2023
2023-01-16 20:00:00,17.92535400390625,11.88153076171875,0.6149543523788452,0.0015067622298374772,1,2023
2023-01-17 06:00:00,25.9268798828125,11.088897705078125,0.8973113298416138,0.0001591817126609385,1,2023
2023-01-17 16:00:00,21.068511962890625,11.645660400390625,0.5993301272392273,0.0009496359853073955,1,2023
2023-01-18 02:00:00,15.54559326171875,11.826324462890625,0.8329271078109741,0.0002530365309212357,1,2023
2023-01-18 12:00:00,27.535064697265625,10.829681396484375,0.6054434776306152,8.277698361780494e-05,1,2023
2023-01-18 22:00:00,17.352569580078125,12.11968994140625,1.0933171510696411,0.00041115330532193184,1,2023
2023-01-19 08:00:00,28.782806396484375,11.709136962890625,0.9867087006568909,0.0005162112065590918,1,2023
2023-01-19 18:00:00,20.187225341796875,12.808837890625,1.1854647397994995,0.0015747648430988193,1,2023
2023-01-20 04:00:00,22.760955810546875,13.719573974609375,1.762069582939148,0.0016388639342039824,1,2023
2023-01-20 14:00:00,24.184356689453125,12.11236572265625,0.6595911979675293,0.005876915063709021,1,2023
2023-01-21 00:00:00,17.26971435546875,12.7666015625,0.8503732085227966,0.004407153464853764,1,2023
2023-01-21 10:00:00,28.87054443359375,10.6640625,0.5751187801361084,0.005334663204848766,1,2023
2023-01-21 20:00:00,18.8880615234375,12.456085205078125,0.5746198892593384,0.005750427953898907,1,2023
2023-01-22 06:00:00,26.45465087890625,11.7159423828125,1.2338330745697021,0.0026673658285290003,1,2023
2023-01-22 16:00:00,21.80584716796875,12.018035888671875,0.6829464435577393,0.003774665528908372,1,2023
2023-01-23 02:00:00,16.772003173828125,13.3165283203125,0.946250319480896,0.0010080913780257106,1,2023
2023-01-23 12:00:00,27.318695068359375,11.732330322265625,0.80307936668396,0.0009659820352680981,1,2023
2023-01-23 22:00:00,18.4017333984375,13.217010498046875,0.8888188004493713,0.0010838855523616076,1,2023
2023-01-24 08:00:00,28.27099609375,12.967132568359375,1.8430006504058838,0.004462906625121832,1,2023
2023-01-24 18:00:00,20.900634765625,12.835601806640625,0.6386021375656128,0.041707828640937805,1,2023
2023-01-25 04:00:00,21.9539794921875,12.91033935546875,0.8379303812980652,0.01770012453198433,1,2023
2023-01-25 14:00:00,24.13214111328125,12.443878173828125,0.41863593459129333,0.09376790374517441,1,2023
2023-01-26 00:00:00,17.79541015625,13.1016845703125,0.6072989702224731,0.13507692515850067,1,2023
2023-01-26 10:00:00,28.998077392578125,11.19305419921875,0.7677823901176453,0.0516023226082325,1,2023
2023-01-26 20:00:00,19.6474609375,12.9676513671875,1.2325390577316284,0.08066610991954803,1,2023
2023-01-27 06:00:00,26.987701416015625,12.46978759765625,1.7096588611602783,0.0017014957265928388,1,2023
2023-01-27 16:00:00,22.523162841796875,12.257110595703125,1.3024252653121948,0.0021666267421096563,1,2023
2023-01-28 02:00:00,17.0994873046875,13.05267333984375,1.305389404296875,0.000682793150190264,1,2023
2023-01-28 12:00:00,28.770538330078125,10.715179443359375,0.9923654794692993,0.0017955818912014365,1,2023
2023-01-28 22:00:00,18.542724609375,12.68145751953125,1.1093430519104004,0.002233698032796383,1,2023
2023-01-29 08:00:00,29.577606201171875,11.238677978515625,2.2992959022521973,0.017608195543289185,1,2023
2023-01-29 18:00:00,21.46087646484375,13.987213134765625,1.0782724618911743,0.061292003840208054,1,2023
2023-01-30 04:00:00,23.011871337890625,15.529144287109375,1.0422239303588867,0.015814954414963722,1,2023
2023-01-30 14:00:00,25.3863525390625,14.402862548828125,0.6931092739105225,0.06294234842061996,1,2023
2023-01-31 00:00:00,19.059295654296875,15.60992431640625,1.1067454814910889,0.04971180483698845,1,2023
2023-01-31 10:00:00,29.3741455078125,12.818572998046875,1.8168070316314697,0.04283924400806427,1,2023
2023-01-31 20:00:00,20.70501708984375,14.2088623046875,1.9016538858413696,0.05758406221866608,1,2023
2023-02-01 06:00:00,26.448333740234375,12.909820556640625,2.5801258087158203,0.006773998495191336,2,2023
2023-02-01 16:00:00,22.649993896484375,11.32281494140625,1.8829753398895264,0.019353318959474564,2,2023
2023-02-02 02:00:00,16.8695068359375,10.826568603515625,1.8702853918075562,0.004340535495430231,2,2023
2023-02-02 12:00:00,27.862091064453125,7.6279296875,2.0202999114990234,0.0011945973383262753,2,2023
2023-02-02 22:00:00,17.2747802734375,8.65509033203125,1.6084201335906982,0.0013716791290789843,2,2023
2023-02-03 08:00:00,28.918548583984375,6.70953369140625,1.5818849802017212,0.00023073381453286856,2,2023
2023-02-03 18:00:00,19.80731201171875,8.77581787109375,1.1641420125961304,0.0002360948419664055,2,2023
2023-02-04 04:00:00,22.980804443359375,9.778656005859375,1.189962387084961,9.293351467931643e-06,2,2023
2023-02-04 14:00:00,24.90802001953125,8.819915771484375,1.187856912612915,2.649892110184737e-07,2,2023
2023-02-05 00:00:00,16.544952392578125,8.607513427734375,1.0314468145370483,2.1539158012728876e-07,2,2023
2023-02-05 10:00:00,30.517425537109375,6.893035888671875,0.4983085095882416,0.0005946357268840075,2,2023
2023-02-05 20:00:00,19.107940673828125,9.464508056640625,0.7506279945373535,0.0011174848768860102,2,2023
2023-02-06 06:00:00,28.503753662109375,9.403045654296875,0.40667858719825745,6.080398634367157e-06,2,2023
2023-02-06 16:00:00,23.112152099609375,10.2967529296875,0.38089531660079956,0.00023580911511089653,2,2023
2023-02-07 02:00:00,17.269195556640625,11.7213134765625,0.35414838790893555,9.346761362394318e-05,2,2023
2023-02-07 12:00:00,29.623382568359375,10.432525634765625,0.6037788391113281,0.0012171551352366805,2,2023
2023-02-07 22:00:00,19.090667724609375,12.082183837890625,0.6823896169662476,0.0013676396338269114,2,2023
2023-02-08 08:00:00,30.801971435546875,10.236175537109375,1.1561657190322876,4.124697807128541e-05,2,2023
2023-02-08 18:00:00,21.402740478515625,10.454376220703125,1.2243232727050781,0.00038142516859807074,2,2023
2023-02-09 04:00:00,24.426483154296875,11.023468017578125,0.9048539400100708,1.488050020270748e-05,2,2023
2023-02-09 14:00:00,26.744842529296875,9.45379638671875,0.7598783373832703,0.0004512361192610115,2,2023
2023-02-10 00:00:00,18.239959716796875,10.41619873046875,0.10973870754241943,0.0006847531767562032,2,2023
2023-02-10 10:00:00,32.896514892578125,6.021575927734375,1.0002845525741577,0.0006887793424539268,2,2023
2023-02-10 20:00:00,20.287994384765625,9.432037353515625,0.1623595952987671,0.0007542531238868833,2,2023
2023-02-11 06:00:00,30.240936279296875,7.9739990234375,0.7897136211395264,1.9852870536851697e-05,2,2023
2023-02-11 16:00:00,24.240936279296875,8.811859130859375,1.023828387260437,0.0007703765877522528,2,2023
2023-02-12 02:00:00,17.448760986328125,9.790740966796875,1.1350620985031128,0.0001738652354106307,2,2023
2023-02-12 12:00:00,30.577880859375,6.495330810546875,2.1046690940856934,0.0,2,2023
2023-02-12 22:00:00,18.803192138671875,7.1383056640625,1.8104037046432495,2.2399476051759848e-08,2,2023
2023-02-13 08:00:00,30.54022216796875,3.663238525390625,1.9565820693969727,1.950418209162308e-06,2,2023
2023-02-13 18:00:00,20.435882568359375,5.355621337890625,1.4196070432662964,1.9639699075924e-06,2,2023
2023-02-14 04:00:00,23.562164306640625,5.5133056640625,1.556630253791809,4.375337141482305e-07,2,2023
2023-02-14 14:00:00,25.801177978515625,4.8817138671875,1.2788796424865723,1.538193828309886e-05,2,2023
2023-02-15 00:00:00,16.7310791015625,6.005706787109375,1.1827969551086426,0.0003784970904234797,2,2023
2023-02-15 10:00:00,32.71234130859375,3.679656982421875,1.777927279472351,0.00034719513496384025,2,2023
2023-02-15 20:00:00,19.96380615234375,7.72576904296875,1.0755726099014282,0.002269905526190996,2,2023
2023-02-16 06:00:00,30.677154541015625,6.91119384765625,1.7042663097381592,7.40228870199644e-06,2,2023
2023-02-16 16:00:00,24.51239013671875,7.424713134765625,1.3982441425323486,0.0,2,2023
2023-02-17 02:00:00,18.215484619140625,9.879241943359375,1.094028115272522,2.2604223204325535e-07,2,2023
2023-02-17 12:00:00,31.65057373046875,6.871673583984375,1.5360339879989624,1.0147787179448642e-06,2,2023
2023-02-17 22:00:00,19.41363525390625,9.561798095703125,1.0881682634353638,1.1853877595058293e-06,2,2023
2023-02-18 08:00:00,32.027679443359375,7.9559326171875,1.3626258373260498,0.000278211897239089,2,2023
2023-02-18 18:00:00,22.334991455078125,10.600433349609375,0.8903211951255798,0.0016936782049015164,2,2023
2023-02-19 04:00:00,25.49212646484375,11.972076416015625,1.0182163715362549,0.00015281095693353564,2,2023
2023-02-19 14:00:00,27.69512939453125,10.1162109375,0.7786340117454529,0.0007517639896832407,2,2023
2023-02-20 00:00:00,18.768951416015625,11.016082763671875,0.38261494040489197,0.0010199196403846145,2,2023
2023-02-20 10:00:00,33.496124267578125,7.297027587890625,0.3493337035179138,1.4913769064150983e-06,2,2023
2023-02-20 20:00:00,21.15325927734375,10.369537353515625,0.36943721771240234,2.2389098376152106e-05,2,2023
2023-02-21 06:00:00,31.52362060546875,8.536712646484375,0.32465696334838867,5.9468220570124686e-06,2,2023
2023-02-21 16:00:00,25.34393310546875,8.96337890625,0.44065773487091064,0.0012822117423638701,2,2023
2023-02-22 02:00:00,18.71063232421875,10.567596435546875,0.22002045810222626,0.00035973734338767827,2,2023
2023-02-22 12:00:00,32.36883544921875,6.4674072265625,0.5224530100822449,0.0008054556674323976,2,2023
2023-02-22 22:00:00,19.882904052734375,9.408782958984375,0.138735830783844,0.001442039036192,2,2023
2023-02-23 08:00:00,33.19317626953125,6.833038330078125,0.1699499487876892,2.5760838980204426e-05,2,2023
2023-02-23 18:00:00,22.99029541015625,8.78759765625,0.411483496427536,0.0009214897872880101,2,2023
2023-02-24 04:00:00,26.59661865234375,10.05389404296875,0.4418368935585022,0.00012336806685198098,2,2023
2023-02-24 14:00:00,28.32562255859375,7.735443115234375,0.6316279172897339,0.0012218444608151913,2,2023
2023-02-25 00:00:00,19.145904541015625,8.85955810546875,0.3419498801231384,0.0009174416773021221,2,2023
2023-02-25 10:00:00,33.972625732421875,4.588287353515625,0.8372806310653687,0.0007393020205199718,2,2023
2023-02-25 20:00:00,21.6134033203125,7.916015625,0.547476589679718,0.0018931754166260362,2,2023
2023-02-26 06:00:00,31.49755859375,7.06939697265625,0.9891991019248962,0.0003091458638664335,2,2023
2023-02-26 16:00:00,25.60223388671875,8.157012939453125,0.6368587017059326,0.0007593415793962777,2,2023
2023-02-27 02:00:00,19.365570068359375,9.954986572265625,0.9435077905654907,0.00017086324805859476,2,2023
2023-02-27 12:00:00,32.166015625,6.740936279296875,0.49768370389938354,0.0006042502354830503,2,2023
2023-02-27 22:00:00,20.970062255859375,9.932281494140625,0.8321576118469238,0.0006977480952627957,2,2023
2023-02-28 08:00:00,33.2503662109375,7.59454345703125,1.4674205780029297,0.00046436695265583694,2,2023
2023-02-28 18:00:00,24.108489990234375,9.7982177734375,1.0347119569778442,0.0022066200617700815,2,2023
2023-03-01 04:00:00,26.923248291015625,10.709991455078125,1.2897180318832397,0.0001387902448186651,3,2023
2023-03-01 14:00:00,28.600372314453125,9.155731201171875,0.8156101703643799,0.006861534435302019,3,2023
2023-03-02 00:00:00,20.587890625,9.994232177734375,0.8833386898040771,0.0043841199949383736,3,2023
2023-03-02 10:00:00,33.758697509765625,7.383056640625,1.1135830879211426,0.0016232829075306654,3,2023
2023-03-02 20:00:00,22.6177978515625,9.60931396484375,0.7353513240814209,0.0034316552337259054,3,2023
2023-03-03 06:00:00,32.3909912109375,8.13531494140625,1.2556225061416626,3.361022754688747e-05,3,2023
2023-03-03 16:00:00,26.77996826171875,10.265533447265625,1.096498966217041,0.002388582332059741,3,2023
2023-03-04 02:00:00,21.25469970703125,11.656341552734375,1.040177583694458,0.0005939144757576287,3,2023
2023-03-04 12:00:00,32.80584716796875,8.43817138671875,1.1119341850280762,0.06331455707550049,3,2023
2023-03-04 22:00:00,22.340850830078125,10.1644287109375,0.8491171002388,0.09853515028953552,3,2023
2023-03-05 08:00:00,33.796142578125,8.65576171875,1.084043264389038,0.030573198571801186,3,2023
2023-03-05 18:00:00,24.550567626953125,10.785125732421875,0.8138313293457031,0.15618714690208435,3,2023
2023-03-06 04:00:00,28.127899169921875,10.232635498046875,1.033435344696045,0.01938893459737301,3,2023
2023-03-06 14:00:00,28.008636474609375,10.56781005859375,0.6006447076797485,0.3743811547756195,3,2023
2023-03-07 00:00:00,20.937774658203125,11.2642822265625,0.737067461013794,0.29655125737190247,3,2023
2023-03-07 10:00:00,31.28143310546875,9.927154541015625,0.6926456689834595,0.14822646975517273,3,2023
2023-03-07 20:00:00,21.42510986328125,12.252593994140625,1.024722695350647,0.27923837304115295,3,2023
2023-03-08 06:00:00,30.65545654296875,10.716827392578125,1.220611810684204,0.002467524027451873,3,2023
2023-03-08 16:00:00,25.401947021484375,10.633087158203125,0.971066415309906,0.042234085500240326,3,2023
2023-03-09 02:00:00,20.367767333984375,12.206207275390625,1.1299687623977661,0.009704657830297947,3,2023
2023-03-09 12:00:00,31.281158447265625,8.236114501953125,0.7899482846260071,0.009962364099919796,3,2023
2023-03-09 22:00:00,21.432769775390625,10.17401123046875,0.8429681658744812,0.014815343543887138,3,2023
2023-03-10 08:00:00,32.779022216796875,8.43145751953125,0.9539848566055298,0.0018826653249561787,3,2023
2023-03-10 18:00:00,23.949737548828125,10.549896240234375,1.1863679885864258,0.016797533258795738,3,2023
2023-03-11 04:00:00,27.157135009765625,11.85101318359375,1.450571060180664,0.0013737528352066875,3,2023
2023-03-11 14:00:00,28.8533935546875,10.275177001953125,1.0458604097366333,0.005253322422504425,3,2023
2023-03-12 00:00:00,21.05206298828125,11.477996826171875,1.1439604759216309,0.003447751747444272,3,2023
2023-03-12 10:00:00,34.090484619140625,7.812103271484375,1.4739090204238892,9.998380846809596e-05,3,2023
2023-03-12 20:00:00,23.544403076171875,10.573211669921875,1.0698391199111938,0.0007398612215183675,3,2023
2023-03-13 06:00:00,32.48468017578125,8.593353271484375,1.5029637813568115,0.0003041301970370114,3,2023
2023-03-13 16:00:00,27.014678955078125,10.0557861328125,0.47707200050354004,0.024125834926962852,3,2023
2023-03-14 02:00:00,21.745208740234375,12.472076416015625,0.39783868193626404,0.005866785068064928,3,2023
2023-03-14 12:00:00,32.271209716796875,7.890777587890625,0.2550397515296936,0.10512182861566544,3,2023
2023-03-14 22:00:00,22.284820556640625,11.7110595703125,0.7183845639228821,0.10990222543478012,3,2023
2023-03-15 08:00:00,33.519805908203125,9.26202392578125,1.024764895439148,0.05085030570626259,3,2023
2023-03-15 18:00:00,25.100860595703125,13.283905029296875,0.2116941213607788,0.20679432153701782,3,2023
2023-03-16 04:00:00,27.180694580078125,14.875274658203125,0.8968871235847473,0.1559714823961258,3,2023
2023-03-16 14:00:00,25.85882568359375,16.299774169921875,0.16467587649822235,1.895159125328064,3,2023
2023-03-17 00:00:00,20.687042236328125,17.913909912109375,0.7170122265815735,2.4995405673980713,3,2023
2023-03-17 10:00:00,29.47308349609375,15.634918212890625,0.8913278579711914,1.860801100730896,3,2023
2023-03-17 20:00:00,21.72369384765625,18.26318359375,0.44775816798210144,3.4085986614227295,3,2023
2023-03-18 06:00:00,26.958099365234375,17.858184814453125,0.9695698022842407,1.816907525062561,3,2023
2023-03-18 16:00:00,22.5533447265625,18.01556396484375,0.12005111575126648,6.201122283935547,3,2023
2023-03-19 02:00:00,19.500579833984375,17.962249755859375,0.40333959460258484,2.7924537658691406,3,2023
2023-03-19 12:00:00,27.375640869140625,13.335357666015625,1.760772705078125,1.6940444707870483,3,2023
2023-03-19 22:00:00,19.621368408203125,16.406890869140625,0.5042308568954468,2.1132500171661377,3,2023
2023-03-20 08:00:00,29.120574951171875,13.161895751953125,1.5990034341812134,0.2300758808851242,3,2023
2023-03-20 18:00:00,21.7265625,15.30438232421875,0.84866863489151,0.514904260635376,3,2023
2023-03-21 04:00:00,24.987762451171875,15.17388916015625,0.96885746717453,0.08068929612636566,3,2023
2023-03-21 14:00:00,26.067169189453125,14.05780029296875,1.18295156955719,0.18896740674972534,3,2023
2023-03-22 00:00:00,20.442626953125,16.190399169921875,0.7564941644668579,0.12381072342395782,3,2023
2023-03-22 10:00:00,30.777435302734375,12.92889404296875,1.742037057876587,0.11922623962163925,3,2023
2023-03-22 20:00:00,22.168182373046875,15.92279052734375,0.7610840201377869,0.20190773904323578,3,2023
2023-03-23 06:00:00,29.62640380859375,14.852691650390625,1.0978317260742188,0.034296516329050064,3,2023
2023-03-23 16:00:00,25.097625732421875,15.265655517578125,0.7649518847465515,0.21276040375232697,3,2023
2023-03-24 02:00:00,21.795562744140625,17.538238525390625,0.41008755564689636,0.05451633408665657,3,2023
2023-03-24 12:00:00,31.2921142578125,13.38214111328125,1.2610864639282227,0.06270294636487961,3,2023
2023-03-24 22:00:00,22.2401123046875,16.21502685546875,0.4867228865623474,0.076323501765728,3,2023
2023-03-25 08:00:00,32.437469482421875,13.672576904296875,0.7622015476226807,0.04797183722257614,3,2023
2023-03-25 18:00:00,24.30755615234375,15.529632568359375,0.267726331949234,0.2549848258495331,3,2023
2023-03-26 04:00:00,27.5574951171875,14.9061279296875,0.4803388714790344,0.037293821573257446,3,2023
2023-03-26 14:00:00,28.437103271484375,13.090087890625,1.2673453092575073,0.2519000768661499,3,2023
2023-03-27 00:00:00,20.907196044921875,14.272857666015625,1.0000706911087036,0.16774718463420868,3,2023
2023-03-27 10:00:00,33.744049072265625,8.486480712890625,1.7419496774673462,0.04808925464749336,3,2023
2023-03-27 20:00:00,22.7730712890625,12.837982177734375,1.01260244846344,0.05924104526638985,3,2023
2023-03-28 06:00:00,31.86029052734375,11.01446533203125,0.3595998287200928,0.01127677969634533,3,2023
2023-03-28 16:00:00,26.71490478515625,12.032073974609375,0.4038121700286865,0.040542542934417725,3,2023
2023-03-29 02:00:00,22.625,16.36181640625,0.6114773750305176,0.010857312008738518,3,2023
2023-03-29 12:00:00,33.71478271484375,10.457122802734375,1.8579022884368896,0.008555497974157333,3,2023
2023-03-29 22:00:00,23.1119384765625,15.205657958984375,0.9757852554321289,0.009722663089632988,3,2023
2023-03-30 08:00:00,34.302154541015625,11.247802734375,1.9579602479934692,0.012951936572790146,3,2023
2023-03-30 18:00:00,25.399383544921875,14.751922607421875,1.3554608821868896,0.05710162594914436,3,2023
2023-03-31 04:00:00,27.241607666015625,15.646484375,1.3370109796524048,0.01877138763666153,3,2023
2023-03-31 14:00:00,28.37811279296875,13.303802490234375,1.3312702178955078,0.33381879329681396,3,2023
2023-04-01 00:00:00,21.5828857421875,15.164886474609375,0.914874792098999,0.22099395096302032,4,2023
2023-04-01 10:00:00,33.397552490234375,10.14306640625,1.6838630437850952,0.04153888300061226,4,2023
2023-04-01 20:00:00,23.504852294921875,13.533172607421875,0.9449199438095093,0.08056065440177917,4,2023
2023-04-02 06:00:00,32.043365478515625,11.918548583984375,0.8971160650253296,0.01044398918747902,4,2023
2023-04-02 16:00:00,27.017669677734375,12.50848388671875,0.794496476650238,0.04750029370188713,4,2023
2023-04-03 02:00:00,22.962921142578125,16.26318359375,0.7125510573387146,0.011413916945457458,4,2023
2023-04-03 12:00:00,33.291259765625,10.42608642578125,1.2473833560943604,0.016354061663150787,4,2023
2023-04-03 22:00:00,23.615478515625,15.192901611328125,0.8042926788330078,0.01787738688290119,4,2023
2023-04-04 08:00:00,35.033477783203125,11.62689208984375,1.3503139019012451,0.007837179116904736,4,2023
2023-04-04 18:00:00,26.471435546875,14.331512451171875,0.5869085192680359,0.0363985113799572,4,2023
2023-04-05 04:00:00,30.2843017578125,14.174072265625,0.7555922269821167,0.002100055804476142,4,2023
2023-04-05 14:00:00,31.02947998046875,12.581024169921875,0.764273464679718,0.050157107412815094,4,2023
2023-04-06 00:00:00,23.796722412109375,15.123931884765625,0.3199847936630249,0.051534105092287064,4,2023
2023-04-06 10:00:00,35.246185302734375,11.753143310546875,0.5212608575820923,0.13152410089969635,4,2023
2023-04-06 20:00:00,26.1971435546875,15.142364501953125,0.5894526839256287,0.3889378607273102,4,2023
2023-04-07 06:00:00,33.943084716796875,13.447509765625,0.9389618635177612,0.05521788075566292,4,2023
2023-04-07 16:00:00,27.187255859375,17.086395263671875,0.3164670169353485,1.4137221574783325,4,2023
2023-04-08 02:00:00,24.031402587890625,18.08489990234375,1.0119028091430664,0.4557572603225708,4,2023
2023-04-08 12:00:00,31.6240234375,15.03265380859375,0.5331903100013733,0.4678325951099396,4,2023
2023-04-08 22:00:00,23.906219482421875,17.602264404296875,0.5042062997817993,0.844370424747467,4,2023
2023-04-09 08:00:00,34.82135009765625,13.355926513671875,0.48298320174217224,0.09596271812915802,4,2023
2023-04-09 18:00:00,26.1756591796875,16.254974365234375,0.4173266291618347,0.4929814636707306,4,2023
2023-04-10 04:00:00,31.0272216796875,14.438873291015625,0.8510433435440063,0.020705901086330414,4,2023
2023-04-10 14:00:00,31.18212890625,13.909515380859375,0.3094641864299774,0.09950870275497437,4,2023
2023-04-11 00:00:00,24.075592041015625,14.549407958984375,0.37612006068229675,0.07242891192436218,4,2023
2023-04-11 10:00:00,37.1663818359375,10.86578369140625,0.2053096443414688,0.039372704923152924,4,2023
2023-04-11 20:00:00,26.582061767578125,13.663543701171875,0.17753209173679352,0.1005292683839798,4,2023
2023-04-12 06:00:00,36.466094970703125,10.578521728515625,0.24205677211284637,0.0012978373561054468,4,2023
2023-04-12 16:00:00,30.56292724609375,12.75823974609375,0.42527976632118225,0.022805940359830856,4,2023
2023-04-13 02:00:00,26.703125,14.729156494140625,0.4933965802192688,0.005297097843140364,4,2023
2023-04-13 12:00:00,36.010955810546875,11.48333740234375,0.7756701707839966,0.08603199571371078,4,2023
2023-04-13 22:00:00,26.45068359375,13.363677978515625,0.7573214769363403,0.12129653245210648,4,2023
2023-04-14 08:00:00,38.078887939453125,11.602081298828125,0.9052499532699585,0.0978398472070694,4,2023
2023-04-14 18:00:00,28.804473876953125,14.65704345703125,0.6843134164810181,0.5379900932312012,4,2023
2023-04-15 04:00:00,31.2548828125,14.478057861328125,0.7760970592498779,0.03267603740096092,4,2023
2023-04-15 14:00:00,31.40118408203125,13.626708984375,0.3827269673347473,0.22831237316131592,4,2023
2023-04-16 00:00:00,24.16107177734375,15.67071533203125,0.7748321890830994,0.15029177069664001,4,2023
2023-04-16 10:00:00,37.29742431640625,10.695404052734375,0.8471294641494751,0.04996258765459061,4,2023
2023-04-16 20:00:00,26.86749267578125,13.73138427734375,0.8967782855033875,0.10224747657775879,4,2023
2023-04-17 06:00:00,36.6734619140625,10.51397705078125,0.6072971224784851,0.003641922492533922,4,2023
2023-04-17 16:00:00,30.500579833984375,12.830291748046875,0.3789346218109131,0.15416088700294495,4,2023
2023-04-18 02:00:00,26.84356689453125,14.95758056640625,0.2698420584201813,0.03625735640525818,4,2023
2023-04-18 12:00:00,37.039031982421875,9.549530029296875,0.1846327781677246,0.05312621593475342,4,2023
2023-04-18 22:00:00,26.495330810546875,12.804656982421875,0.6924266219139099,0.07418597489595413,4,2023
2023-04-19 08:00:00,39.03045654296875,10.39154052734375,0.16570113599300385,0.04119632765650749,4,2023
2023-04-19 18:00:00,28.847625732421875,14.033111572265625,0.6448490023612976,0.3046019673347473,4,2023
2023-04-20 04:00:00,33.279296875,12.32171630859375,0.7321844696998596,0.0158244501799345,4,2023
2023-04-20 14:00:00,32.3353271484375,13.194915771484375,1.2159266471862793,0.48514625430107117,4,2023
2023-04-21 00:00:00,24.462646484375,17.241302490234375,0.3577922284603119,0.37164241075515747,4,2023
2023-04-21 10:00:00,35.95965576171875,12.20263671875,1.2151908874511719,0.11128108948469162,4,2023
2023-04-21 20:00:00,25.990631103515625,15.886383056640625,0.880928099155426,0.28337204456329346,4,2023
2023-04-22 06:00:00,34.363800048828125,12.865997314453125,1.633843183517456,0.03187102451920509,4,2023
2023-04-22 16:00:00,28.001068115234375,15.479827880859375,1.0346453189849854,0.5102528929710388,4,2023
2023-04-23 02:00:00,24.793182373046875,17.471038818359375,0.46101704239845276,0.29229333996772766,4,2023
2023-04-23 12:00:00,33.16937255859375,11.47857666015625,1.1794531345367432,0.675504207611084,4,2023
2023-04-23 22:00:00,24.26837158203125,16.795654296875,0.23981639742851257,1.005396842956543,4,2023
2023-04-24 08:00:00,35.26922607421875,11.522491455078125,0.6247257590293884,0.44024425745010376,4,2023
2023-04-24 18:00:00,26.58770751953125,15.74017333984375,0.5334020256996155,0.8535792231559753,4,2023
2023-04-25 04:00:00,30.4361572265625,16.48895263671875,1.7938162088394165,0.09658871591091156,4,2023
2023-04-25 14:00:00,29.92510986328125,16.6671142578125,0.7400141358375549,0.985218346118927,4,2023
2023-04-26 00:00:00,24.32806396484375,20.27886962890625,1.3810973167419434,0.845359742641449,4,2023
2023-04-26 10:00:00,34.6190185546875,15.066925048828125,1.484377145767212,0.4789692461490631,4,2023
2023-04-26 20:00:00,25.33514404296875,18.638458251953125,0.2539966106414795,1.779360055923462,4,2023
2023-04-27 06:00:00,32.703369140625,16.848052978515625,0.8874437212944031,0.13983862102031708,4,2023
2023-04-27 16:00:00,27.293853759765625,19.110595703125,0.5023065209388733,1.680716633796692,4,2023
2023-04-28 02:00:00,25.6524658203125,20.576995849609375,0.9616836905479431,0.6124072074890137,4,2023
2023-04-28 12:00:00,30.79705810546875,18.112945556640625,0.8952606916427612,1.3195385932922363,4,2023
2023-04-28 22:00:00,23.95672607421875,20.59320068359375,0.09652695059776306,3.289088726043701,4,2023
2023-04-29 08:00:00,31.96014404296875,18.739288330078125,0.7657859325408936,1.2464568614959717,4,2023
2023-04-29 18:00:00,25.01251220703125,20.673583984375,0.5429657101631165,3.79640793800354,4,2023
2023-04-30 04:00:00,27.94573974609375,19.767486572265625,0.9691330790519714,0.637337863445282,4,2023
2023-04-30 14:00:00,26.466552734375,19.6712646484375,0.5467395782470703,3.9892923831939697,4,2023
2023-05-01 00:00:00,21.907989501953125,20.232086181640625,0.30393117666244507,4.985744953155518,5,2023
2023-05-01 10:00:00,30.432861328125,17.349090576171875,1.2383357286453247,2.134650230407715,5,2023
2023-05-01 20:00:00,23.6923828125,19.286895751953125,0.6046238541603088,3.6872501373291016,5,2023
2023-05-02 06:00:00,29.658538818359375,18.962982177734375,0.9597227573394775,0.40960893034935,5,2023
2023-05-02 16:00:00,25.546478271484375,19.96221923828125,0.5590705275535583,2.0063371658325195,5,2023
2023-05-03 02:00:00,23.89031982421875,20.5126953125,0.36227744817733765,0.8529374599456787,5,2023
2023-05-03 12:00:00,29.884246826171875,18.080902099609375,0.5466326475143433,1.1782433986663818,5,2023
2023-05-03 22:00:00,23.629150390625,20.4271240234375,0.33589810132980347,1.3597418069839478,5,2023
2023-05-04 08:00:00,32.161712646484375,18.869720458984375,0.45135298371315,0.20478308200836182,5,2023
2023-05-04 18:00:00,25.54779052734375,20.80035400390625,0.05628911405801773,0.7895120978355408,5,2023
2023-05-05 04:00:00,28.787750244140625,19.885345458984375,0.13725441694259644,0.07650123536586761,5,2023
2023-05-05 14:00:00,28.6611328125,20.045745849609375,0.4235435724258423,0.791952908039093,5,2023
2023-05-06 00:00:00,24.4495849609375,20.7569580078125,0.7162718176841736,0.6201954483985901,5,2023
2023-05-06 10:00:00,33.74920654296875,18.40582275390625,1.1095553636550903,0.2990434467792511,5,2023
2023-05-06 20:00:00,26.45343017578125,20.2230224609375,0.6754825115203857,0.9359200596809387,5,2023
2023-05-07 06:00:00,33.253448486328125,18.903167724609375,1.2552813291549683,0.07013991475105286,5,2023
2023-05-07 16:00:00,28.477294921875,20.674072265625,0.5396799445152283,0.8070577383041382,5,2023
2023-05-08 02:00:00,27.08551025390625,21.256561279296875,1.118595838546753,0.3480693995952606,5,2023
2023-05-08 12:00:00,33.33587646484375,18.61358642578125,0.7930672764778137,0.8776611685752869,5,2023
2023-05-08 22:00:00,26.265106201171875,20.724273681640625,0.9240778684616089,1.7381943464279175,5,2023
2023-05-09 08:00:00,35.9224853515625,18.1351318359375,1.1767839193344116,0.3814374506473541,5,2023
2023-05-09 18:00:00,28.0924072265625,20.15277099609375,0.6304775476455688,1.1931957006454468,5,2023
2023-05-10 04:00:00,32.6260986328125,18.558349609375,0.9844133853912354,0.06690727919340134,5,2023
2023-05-10 14:00:00,32.54296875,15.986083984375,0.613492488861084,0.5692402124404907,5,2023
2023-05-11 00:00:00,25.320587158203125,16.897735595703125,0.38915756344795227,0.3798668086528778,5,2023
2023-05-11 10:00:00,38.340576171875,11.425689697265625,1.483105182647705,0.06010788679122925,5,2023
2023-05-11 20:00:00,27.11602783203125,15.9146728515625,0.8057682514190674,0.11493467539548874,5,2023
2023-05-12 06:00:00,37.1580810546875,13.530029296875,1.7858554124832153,0.0012069004587829113,5,2023
2023-05-12 16:00:00,30.4873046875,13.9266357421875,0.9016867876052856,0.00691240793094039,5,2023
2023-05-13 02:00:00,27.500701904296875,17.043426513671875,1.661202311515808,0.0035029670689255,5,2023
2023-05-13 12:00:00,37.601409912109375,11.3924560546875,2.1826188564300537,0.032033566385507584,5,2023
2023-05-13 22:00:00,26.574737548828125,15.49481201171875,2.323270082473755,0.03613005951046944,5,2023
2023-05-14 08:00:00,38.982635498046875,11.615478515625,3.4238150119781494,0.0012815658701583743,5,2023
2023-05-14 18:00:00,29.01409912109375,14.9879150390625,2.563551902770996,0.00180081429425627,5,2023
2023-05-15 04:00:00,32.429656982421875,17.494903564453125,3.3307528495788574,0.004518710542470217,5,2023
2023-05-15 14:00:00,33.263336181640625,14.358642578125,2.589812994003296,0.009294959716498852,5,2023
2023-05-16 00:00:00,26.117889404296875,17.585418701171875,2.642287015914917,0.010242065414786339,5,2023
2023-05-16 10:00:00,37.8011474609375,12.4124755859375,2.9862823486328125,0.010370783507823944,5,2023
2023-05-16 20:00:00,27.60003662109375,16.79034423828125,2.22314715385437,0.014170179143548012,5,2023
2023-05-17 06:00:00,35.97430419921875,15.6009521484375,2.033271312713623,0.0016606631688773632,5,2023
2023-05-17 16:00:00,31.058929443359375,16.22723388671875,1.2750319242477417,0.008910118602216244,5,2023
2023-05-18 02:00:00,28.534515380859375,18.995452880859375,1.5507838726043701,0.0030583206098526716,5,2023
2023-05-18 12:00:00,36.802154541015625,13.4193115234375,1.747684121131897,0.012086577713489532,5,2023
2023-05-18 22:00:00,27.33074951171875,17.479888916015625,1.1993581056594849,0.015626074746251106,5,2023
2023-05-19 08:00:00,38.71856689453125,13.7510986328125,1.7587847709655762,0.01701360195875168,5,2023
2023-05-19 18:00:00,29.659912109375,17.2005615234375,1.0694372653961182,0.08807434141635895,5,2023
2023-05-20 04:00:00,33.284210205078125,17.49432373046875,1.6123571395874023,0.004630715120583773,5,2023
2023-05-20 14:00:00,34.125152587890625,14.633575439453125,1.1471693515777588,0.05923470854759216,5,2023
2023-05-21 00:00:00,26.47857666015625,18.55712890625,1.2262145280838013,0.045080408453941345,5,2023
2023-05-21 10:00:00,38.725494384765625,13.486968994140625,1.1754096746444702,0.04135262221097946,5,2023
2023-05-21 20:00:00,28.478179931640625,18.30194091796875,1.0421096086502075,0.1385384052991867,5,2023
2023-05-22 06:00:00,36.779937744140625,16.095977783203125,1.3470520973205566,0.018652161583304405,5,2023
2023-05-22 16:00:00,31.44921875,17.289337158203125,0.6049368381500244,0.2203865945339203,5,2023
2023-05-23 02:00:00,28.9571533203125,19.123016357421875,1.1098263263702393,0.051826633512973785,5,2023
2023-05-23 12:00:00,36.44158935546875,14.8577880859375,1.067877173423767,0.15240471065044403,5,2023
2023-05-23 22:00:00,28.0770263671875,17.969451904296875,1.7185919284820557,0.17490482330322266,5,2023
2023-05-24 08:00:00,37.998931884765625,15.6199951171875,2.265414237976074,0.05094669759273529,5,2023
2023-05-24 18:00:00,29.81951904296875,18.111846923828125,2.388930559158325,0.22134169936180115,5,2023
2023-05-25 04:00:00,32.118804931640625,18.191619873046875,3.1288275718688965,0.01814604364335537,5,2023
2023-05-25 14:00:00,32.904998779296875,15.665924072265625,2.5986194610595703,0.1950714886188507,5,2023
2023-05-26 00:00:00,26.4986572265625,18.341156005859375,2.8356502056121826,0.1386670619249344,5,2023
2023-05-26 10:00:00,36.6180419921875,14.0762939453125,3.4365508556365967,0.08897293359041214,5,2023
2023-05-26 20:00:00,27.659088134765625,17.826568603515625,2.4042367935180664,0.12629391252994537,5,2023
2023-05-27 06:00:00,35.165924072265625,16.1912841796875,3.0190863609313965,0.007594874128699303,5,2023
2023-05-27 16:00:00,30.81549072265625,16.15057373046875,2.058799982070923,0.0307548139244318,5,2023
2023-05-28 02:00:00,27.90472412109375,19.063720703125,2.2495527267456055,0.009554823860526085,5,2023
2023-05-28 12:00:00,36.43865966796875,14.02337646484375,1.5807721614837646,0.03852413594722748,5,2023
2023-05-28 22:00:00,27.358856201171875,19.393402099609375,1.0246211290359497,0.04764177277684212,5,2023
2023-05-29 08:00:00,37.72174072265625,16.476837158203125,0.9625933766365051,0.08716510236263275,5,2023
2023-05-29 18:00:00,29.764556884765625,18.91754150390625,0.5774002075195312,0.40702441334724426,5,2023
2023-05-30 04:00:00,33.41302490234375,17.909332275390625,0.7514511346817017,0.03106602095067501,5,2023
2023-05-30 14:00:00,33.12841796875,16.939910888671875,1.091552734375,0.291619211435318,5,2023
2023-05-31 00:00:00,26.69677734375,18.532928466796875,0.9065824151039124,0.20203442871570587,5,2023
2023-05-31 10:00:00,38.316314697265625,13.30718994140625,1.8930732011795044,0.04247298836708069,5,2023
2023-05-31 20:00:00,28.882720947265625,16.749847412109375,1.1130332946777344,0.07734908908605576,5,2023
2023-06-01 06:00:00,37.38165283203125,14.017425537109375,1.6795389652252197,0.009899762459099293,6,2023
2023-06-01 16:00:00,31.731842041015625,15.18084716796875,1.7501575946807861,0.13574302196502686,6,2023
2023-06-02 02:00:00,28.7794189453125,17.73046875,2.643468141555786,0.032831523567438126,6,2023
2023-06-02 12:00:00,37.125457763671875,13.3616943359375,2.5394556522369385,0.034185901284217834,6,2023
2023-06-02 22:00:00,28.023681640625,17.87799072265625,2.2568211555480957,0.04043661803007126,6,2023
2023-06-03 08:00:00,38.227325439453125,15.70770263671875,2.3049309253692627,0.045120030641555786,6,2023
2023-06-03 18:00:00,30.06341552734375,18.2117919921875,1.7709324359893799,0.20125681161880493,6,2023
2023-06-04 04:00:00,33.155914306640625,19.300445556640625,2.2544190883636475,0.056114133447408676,6,2023
2023-06-04 14:00:00,32.3192138671875,18.97589111328125,1.9708311557769775,0.8361640572547913,6,2023
2023-06-05 00:00:00,26.85833740234375,20.338714599609375,2.0583839416503906,0.5257497429847717,6,2023
2023-06-05 10:00:00,37.069549560546875,15.825958251953125,2.7234878540039062,0.08348511904478073,6,2023
2023-06-05 20:00:00,28.561798095703125,18.9976806640625,2.2390036582946777,0.14526598155498505,6,2023
2023-06-06 06:00:00,35.86004638671875,17.751617431640625,2.8018105030059814,0.025576753541827202,6,2023
2023-06-06 16:00:00,31.72491455078125,17.160003662109375,1.8149911165237427,0.0515374131500721,6,2023
2023-06-07 02:00:00,28.932525634765625,19.367645263671875,2.594252347946167,0.018014319241046906,6,2023
2023-06-07 12:00:00,36.505462646484375,15.397552490234375,2.2724618911743164,0.07742626219987869,6,2023
2023-06-07 22:00:00,28.156219482421875,19.264007568359375,2.540107488632202,0.13300922513008118,6,2023
2023-06-08 08:00:00,37.757049560546875,16.388824462890625,2.7884621620178223,0.05248960480093956,6,2023
2023-06-08 18:00:00,30.046051025390625,18.207366943359375,2.4446723461151123,0.20981580018997192,6,2023
2023-06-09 04:00:00,32.783416748046875,19.319854736328125,2.7993271350860596,0.031722042709589005,6,2023
2023-06-09 14:00:00,33.13641357421875,18.147186279296875,2.389763355255127,0.41016313433647156,6,2023
2023-06-10 00:00:00,27.943603515625,19.912811279296875,2.7910208702087402,0.35446786880493164,6,2023
2023-06-10 10:00:00,36.758819580078125,17.88604736328125,2.836137533187866,0.45829862356185913,6,2023
2023-06-10 20:00:00,28.077178955078125,20.523834228515625,2.5511722564697266,1.112390160560608,6,2023
2023-06-11 06:00:00,34.911346435546875,19.3134765625,2.686218023300171,0.07763015478849411,6,2023
2023-06-11 16:00:00,30.69024658203125,19.58514404296875,2.2214348316192627,0.5820780396461487,6,2023
2023-06-12 02:00:00,28.767425537109375,19.9656982421875,2.65079402923584,0.163768008351326,6,2023
2023-06-12 12:00:00,35.000335693359375,17.62109375,2.9444386959075928,0.34991154074668884,6,2023
2023-06-12 22:00:00,28.072021484375,19.36968994140625,2.393768548965454,0.45485082268714905,6,2023
2023-06-13 08:00:00,37.041290283203125,17.423736572265625,3.768183708190918,0.15847788751125336,6,2023
2023-06-13 18:00:00,29.9398193359375,19.050689697265625,2.909471035003662,0.4378708004951477,6,2023
2023-06-14 04:00:00,31.2008056640625,19.763671875,3.961028575897217,0.12884311378002167,6,2023
2023-06-14 14:00:00,32.596343994140625,17.8739013671875,3.3310515880584717,0.47311583161354065,6,2023
2023-06-15 00:00:00,27.1087646484375,19.63128662109375,2.985050678253174,0.3778597414493561,6,2023
2023-06-15 10:00:00,36.3487548828125,16.57281494140625,4.024768352508545,0.23451901972293854,6,2023
2023-06-15 20:00:00,28.693115234375,18.2288818359375,2.883800506591797,0.3942801356315613,6,2023
2023-06-16 06:00:00,34.574371337890625,17.7359619140625,4.293358325958252,0.1779480129480362,6,2023
2023-06-16 16:00:00,30.85028076171875,18.10394287109375,3.3143162727355957,0.46589842438697815,6,2023
2023-06-17 02:00:00,28.211181640625,20.4332275390625,3.6448609828948975,0.21210135519504547,6,2023
2023-06-17 12:00:00,35.067169189453125,17.912322998046875,3.6665713787078857,0.4461173713207245,6,2023
2023-06-17 22:00:00,27.7911376953125,19.950958251953125,3.094275951385498,0.5786406397819519,6,2023
2023-06-18 08:00:00,35.7679443359375,18.53521728515625,3.8438360691070557,0.2135835736989975,6,2023
2023-06-18 18:00:00,29.54986572265625,19.213226318359375,2.7758889198303223,0.40413767099380493,6,2023
2023-06-19 04:00:00,31.141448974609375,19.29443359375,3.732452630996704,0.09278260916471481,6,2023
2023-06-19 14:00:00,32.94183349609375,18.02435302734375,2.475318670272827,0.2286616563796997,6,2023
2023-06-20 00:00:00,27.022247314453125,20.4462890625,2.268505811691284,0.17017115652561188,6,2023
2023-06-20 10:00:00,36.222930908203125,17.99188232421875,3.015949010848999,0.23269280791282654,6,2023
2023-06-20 20:00:00,28.46722412109375,20.451629638671875,2.170557975769043,0.4385327100753784,6,2023
2023-06-21 06:00:00,34.221649169921875,19.207061767578125,2.890474557876587,0.10989808291196823,6,2023
2023-06-21 16:00:00,30.57586669921875,20.482391357421875,2.036484718322754,0.8128619194030762,6,2023
2023-06-22 02:00:00,27.604248046875,21.346282958984375,2.63741135597229,0.3140470087528229,6,2023
2023-06-22 12:00:00,32.901641845703125,19.870941162109375,2.31535005569458,1.0173882246017456,6,2023
2023-06-22 22:00:00,26.68341064453125,21.919921875,2.016386032104492,1.8860350847244263,6,2023
2023-06-23 08:00:00,32.02032470703125,21.23028564453125,2.4542829990386963,1.5673139095306396,6,2023
2023-06-23 18:00:00,26.459075927734375,23.059967041015625,1.964422583580017,5.022799491882324,6,2023
2023-06-24 04:00:00,27.30035400390625,22.594573974609375,2.4357528686523438,1.1671308279037476,6,2023
2023-06-24 14:00:00,27.210296630859375,22.695709228515625,2.077727794647217,5.6355414390563965,6,2023
2023-06-25 00:00:00,24.70538330078125,22.474151611328125,2.315009117126465,5.825954914093018,6,2023
2023-06-25 10:00:00,29.01043701171875,22.36199951171875,2.7993838787078857,3.8718533515930176,6,2023
2023-06-25 20:00:00,25.03045654296875,22.717620849609375,2.722996234893799,8.383654594421387,6,2023
2023-06-26 06:00:00,26.8746337890625,22.380401611328125,3.7395153045654297,4.748866558074951,6,2023
2023-06-26 16:00:00,24.84619140625,22.443359375,2.898049831390381,12.272663116455078,6,2023
2023-06-27 02:00:00,24.24481201171875,22.31964111328125,3.245393991470337,5.370453834533691,6,2023
2023-06-27 12:00:00,26.39666748046875,22.63287353515625,3.100989818572998,9.901464462280273,6,2023
2023-06-27 22:00:00,24.294921875,22.435577392578125,2.8432533740997314,14.648712158203125,6,2023
2023-06-28 08:00:00,28.4566650390625,22.513885498046875,3.380811929702759,4.744212627410889,6,2023
2023-06-28 18:00:00,25.33367919921875,22.702301025390625,2.7909345626831055,9.200677871704102,6,2023
2023-06-29 04:00:00,26.595611572265625,22.488983154296875,3.5916993618011475,1.6490167379379272,6,2023
2023-06-29 14:00:00,26.790496826171875,22.347625732421875,3.2320549488067627,5.424136161804199,6,2023
2023-06-30 00:00:00,24.522491455078125,21.762237548828125,3.4343791007995605,5.814524173736572,6,2023
2023-06-30 10:00:00,29.26617431640625,21.715301513671875,4.452546119689941,6.738310813903809,6,2023
2023-06-30 20:00:00,25.6884765625,21.895599365234375,3.078001022338867,11.51012897491455,6,2023
2023-07-01 06:00:00,28.7298583984375,22.039215087890625,4.304447650909424,2.4887185096740723,7,2023
2023-07-01 16:00:00,26.333099365234375,22.32000732421875,2.8991429805755615,6.158773422241211,7,2023
2023-07-02 02:00:00,25.595947265625,22.123687744140625,3.439967632293701,1.8553379774093628,7,2023
2023-07-02 12:00:00,28.687713623046875,22.795684814453125,2.620412826538086,2.9255144596099854,7,2023
2023-07-02 22:00:00,24.981414794921875,22.621124267578125,2.3890538215637207,4.19474458694458,7,2023
2023-07-03 08:00:00,31.0078125,22.76397705078125,2.615647077560425,1.1432358026504517,7,2023
2023-07-03 18:00:00,26.137847900390625,23.590179443359375,1.8456488847732544,3.961768865585327,7,2023
2023-07-04 04:00:00,28.0301513671875,23.409759521484375,2.0801844596862793,1.162064552307129,7,2023
2023-07-04 14:00:00,27.394012451171875,23.9957275390625,1.8925844430923462,5.810592174530029,7,2023
2023-07-05 00:00:00,24.48260498046875,23.21112060546875,1.897897481918335,6.4690704345703125,7,2023
2023-07-05 10:00:00,28.64447021484375,23.67059326171875,1.8503944873809814,4.71860933303833,7,2023
2023-07-05 20:00:00,24.616119384765625,23.465118408203125,2.045377731323242,12.816520690917969,7,2023
2023-07-06 06:00:00,26.902069091796875,23.2857666015625,2.8836781978607178,3.5357518196105957,7,2023
2023-07-06 16:00:00,24.953765869140625,22.84283447265625,2.8613743782043457,10.128875732421875,7,2023
2023-07-07 02:00:00,24.314178466796875,22.4910888671875,3.2642807960510254,4.667487621307373,7,2023
2023-07-07 12:00:00,26.82513427734375,23.03167724609375,3.322432279586792,8.239160537719727,7,2023
2023-07-07 22:00:00,24.195159912109375,22.29620361328125,3.0536320209503174,11.60550308227539,7,2023
2023-07-08 08:00:00,28.959014892578125,22.58001708984375,4.090055465698242,2.3702709674835205,7,2023
2023-07-08 18:00:00,25.268218994140625,22.151397705078125,2.9537618160247803,4.526754856109619,7,2023
2023-07-09 04:00:00,25.904693603515625,22.373626708984375,3.5101864337921143,1.7930190563201904,7,2023
2023-07-09 14:00:00,26.62750244140625,22.316070556640625,2.7123923301696777,4.8317413330078125,7,2023
2023-07-10 00:00:00,24.42376708984375,21.991851806640625,2.520536184310913,4.160713195800781,7,2023
2023-07-10 10:00:00,29.580596923828125,22.156036376953125,3.561474561691284,1.5144684314727783,7,2023
2023-07-10 20:00:00,25.40618896484375,22.13677978515625,2.6396212577819824,2.9243524074554443,7,2023
2023-07-11 06:00:00,28.020050048828125,21.914154052734375,3.585435628890991,1.0918612480163574,7,2023
2023-07-11 16:00:00,25.04718017578125,22.4283447265625,2.4063124656677246,6.353122234344482,7,2023
2023-07-12 02:00:00,24.224395751953125,22.422637939453125,2.69602632522583,3.1655335426330566,7,2023
2023-07-12 12:00:00,27.080657958984375,22.51385498046875,2.355945348739624,4.403899192810059,7,2023
2023-07-12 22:00:00,24.0235595703125,22.68408203125,2.1146903038024902,6.151097297668457,7,2023
2023-07-13 08:00:00,28.455322265625,22.972015380859375,2.7354378700256348,2.8648409843444824,7,2023
2023-07-13 18:00:00,24.66619873046875,23.05645751953125,2.152223587036133,7.148451328277588,7,2023
2023-07-14 04:00:00,26.426666259765625,22.8663330078125,2.8771862983703613,1.2169212102890015,7,2023
2023-07-14 14:00:00,26.1416015625,22.9775390625,2.5197229385375977,6.440951824188232,7,2023
2023-07-15 00:00:00,24.2198486328125,22.19879150390625,2.580799102783203,4.923122406005859,7,2023
2023-07-15 10:00:00,27.91900634765625,22.7847900390625,3.1699600219726562,2.9068002700805664,7,2023
2023-07-15 20:00:00,24.091888427734375,22.55084228515625,2.629702091217041,7.19342565536499,7,2023
2023-07-16 06:00:00,26.316619873046875,22.383941650390625,3.3443682193756104,3.658268451690674,7,2023
2023-07-16 16:00:00,24.604522705078125,22.5091552734375,2.7369630336761475,8.338988304138184,7,2023
2023-07-17 02:00:00,23.86114501953125,22.2978515625,3.356379747390747,3.6456198692321777,7,2023
2023-07-17 12:00:00,25.76690673828125,22.857391357421875,3.329352855682373,7.0485734939575195,7,2023
2023-07-17 22:00:00,23.91168212890625,22.632965087890625,3.238023519515991,14.617880821228027,7,2023
2023-07-18 08:00:00,25.62188720703125,23.28326416015625,3.6438472270965576,11.952533721923828,7,2023
2023-07-18 18:00:00,23.824951171875,22.597381591796875,3.432133913040161,27.653640747070312,7,2023
2023-07-19 04:00:00,24.432403564453125,22.965972900390625,3.1687445640563965,7.329148769378662,7,2023
2023-07-19 14:00:00,24.589569091796875,22.934539794921875,3.4328362941741943,19.61121940612793,7,2023
2023-07-20 00:00:00,23.70013427734375,22.477264404296875,3.084223508834839,18.272342681884766,7,2023
2023-07-20 10:00:00,26.147857666015625,23.306640625,3.415031909942627,10.921582221984863,7,2023
2023-07-20 20:00:00,23.812957763671875,22.542388916015625,3.2201573848724365,19.653724670410156,7,2023
2023-07-21 06:00:00,26.115570068359375,23.066680908203125,3.425597667694092,4.978057861328125,7,2023
2023-07-21 16:00:00,24.508453369140625,23.18060302734375,3.070072650909424,16.15563201904297,7,2023
2023-07-22 02:00:00,23.823974609375,22.62896728515625,3.0293188095092773,8.242274284362793,7,2023
2023-07-22 12:00:00,25.308013916015625,23.0355224609375,3.2014636993408203,14.493258476257324,7,2023
2023-07-22 22:00:00,23.756072998046875,22.4134521484375,2.7034714221954346,19.55666160583496,7,2023
2023-07-23 08:00:00,27.24395751953125,23.219268798828125,3.6242759227752686,5.47761869430542,7,2023
2023-07-23 18:00:00,24.169097900390625,22.4759521484375,3.2243223190307617,11.740875244140625,7,2023
2023-07-24 04:00:00,25.48309326171875,22.536590576171875,3.6772823333740234,1.997680425643921,7,2023
2023-07-24 14:00:00,24.793243408203125,22.889312744140625,3.0393998622894287,9.040263175964355,7,2023
2023-07-25 00:00:00,23.610931396484375,22.27630615234375,2.9862515926361084,10.097982406616211,7,2023
2023-07-25 10:00:00,26.37872314453125,23.324951171875,3.117391586303711,9.463875770568848,7,2023
2023-07-25 20:00:00,23.98406982421875,22.35296630859375,3.097071409225464,16.28209686279297,7,2023
2023-07-26 06:00:00,26.131134033203125,23.042510986328125,3.310645341873169,3.9410674571990967,7,2023
2023-07-26 16:00:00,24.866546630859375,22.92047119140625,3.5124902725219727,13.945062637329102,7,2023
2023-07-27 02:00:00,23.889434814453125,22.511474609375,3.5963211059570312,9.154902458190918,7,2023
2023-07-27 12:00:00,25.235504150390625,23.104400634765625,3.797558546066284,18.83924674987793,7,2023
2023-07-27 22:00:00,23.64910888671875,22.317291259765625,3.589726448059082,24.678564071655273,7,2023
2023-07-28 08:00:00,26.459716796875,23.09405517578125,4.150430679321289,5.218798637390137,7,2023
2023-07-28 18:00:00,24.5030517578125,22.1068115234375,3.6137535572052,8.153820991516113,7,2023
2023-07-29 04:00:00,25.6072998046875,21.998687744140625,4.202327251434326,0.9399359226226807,7,2023
2023-07-29 14:00:00,25.664520263671875,22.22332763671875,3.3669378757476807,3.318018674850464,7,2023
2023-07-30 00:00:00,23.82611083984375,21.34222412109375,3.271383285522461,2.455235004425049,7,2023
2023-07-30 10:00:00,28.132537841796875,22.406890869140625,4.047894477844238,1.5488704442977905,7,2023
2023-07-30 20:00:00,24.548828125,21.783111572265625,3.1568665504455566,2.722076177597046,7,2023
2023-07-31 06:00:00,27.65533447265625,22.425506591796875,4.060701370239258,1.156749963760376,7,2023
2023-07-31 16:00:00,25.222412109375,22.511444091796875,3.183896064758301,4.1287031173706055,7,2023
2023-08-01 02:00:00,24.4912109375,22.001068115234375,3.8462648391723633,1.283528208732605,8,2023
2023-08-01 12:00:00,27.02337646484375,22.5767822265625,3.7883408069610596,1.9246387481689453,8,2023
2023-08-01 22:00:00,24.296142578125,21.615325927734375,3.801217794418335,2.6919939517974854,8,2023
2023-08-02 08:00:00,27.95245361328125,21.94921875,5.044511318206787,2.0225298404693604,8,2023
2023-08-02 18:00:00,24.920745849609375,21.832427978515625,3.990095615386963,3.790705680847168,8,2023
2023-08-03 04:00:00,25.05206298828125,21.613555908203125,4.844925403594971,2.701942205429077,8,2023
2023-08-03 14:00:00,24.873138427734375,21.76202392578125,3.802485227584839,7.890720844268799,8,2023
2023-08-04 00:00:00,23.7320556640625,21.568267822265625,3.565758466720581,6.513739585876465,8,2023
2023-08-04 10:00:00,28.03021240234375,22.247589111328125,4.029216289520264,2.0324676036834717,8,2023
2023-08-04 20:00:00,24.41748046875,21.844024658203125,2.9250175952911377,2.832637310028076,8,2023
2023-08-05 06:00:00,27.53594970703125,22.093841552734375,4.426300048828125,0.656655490398407,8,2023
2023-08-05 16:00:00,25.492889404296875,22.30126953125,2.9095051288604736,1.7413930892944336,8,2023
2023-08-06 02:00:00,24.457122802734375,21.935760498046875,3.6650898456573486,0.6297850608825684,8,2023
2023-08-06 12:00:00,28.05560302734375,22.09161376953125,3.7979183197021484,1.1394939422607422,8,2023
2023-08-06 22:00:00,24.160675048828125,21.14996337890625,3.379530906677246,1.3437464237213135,8,2023
2023-08-07 08:00:00,28.763671875,21.184844970703125,4.893126010894775,0.622477650642395,8,2023
2023-08-07 18:00:00,24.9759521484375,21.40863037109375,3.0358474254608154,0.9311566948890686,8,2023
2023-08-08 04:00:00,25.9700927734375,21.275054931640625,4.193231582641602,0.3155876398086548,8,2023
2023-08-08 14:00:00,26.660552978515625,21.78363037109375,2.727719306945801,0.8914183974266052,8,2023
2023-08-09 00:00:00,23.580169677734375,21.14178466796875,2.600738286972046,0.6557976603507996,8,2023
2023-08-09 10:00:00,29.2022705078125,21.860382080078125,3.291168451309204,0.6892913579940796,8,2023
2023-08-09 20:00:00,24.388885498046875,21.91552734375,2.201714515686035,0.9552061557769775,8,2023
2023-08-10 06:00:00,28.079833984375,21.84014892578125,3.232241630554199,0.45839226245880127,8,2023
2023-08-10 16:00:00,25.547607421875,22.1080322265625,1.9802992343902588,1.163485050201416,8,2023
2023-08-11 02:00:00,24.25433349609375,21.91473388671875,2.402862787246704,0.33965399861335754,8,2023
2023-08-11 12:00:00,28.68048095703125,21.95343017578125,2.4020400047302246,0.7585411071777344,8,2023
2023-08-11 22:00:00,23.983489990234375,21.5885009765625,2.070737361907959,0.8399093747138977,8,2023
2023-08-12 08:00:00,29.3631591796875,21.99237060546875,3.418329954147339,0.5449552536010742,8,2023
2023-08-12 18:00:00,24.888397216796875,21.728179931640625,2.3676719665527344,0.9550741910934448,8,2023
2023-08-13 04:00:00,26.401763916015625,21.386474609375,3.432753324508667,0.2863624095916748,8,2023
2023-08-13 14:00:00,26.668487548828125,21.566558837890625,2.511068820953369,0.9308947324752808,8,2023
2023-08-14 00:00:00,23.77911376953125,21.13031005859375,2.174091339111328,0.6989185214042664,8,2023
2023-08-14 10:00:00,28.77447509765625,21.282318115234375,2.854409694671631,0.6689583659172058,8,2023
2023-08-14 20:00:00,24.326202392578125,21.774261474609375,1.9635000228881836,1.0395981073379517,8,2023
2023-08-15 06:00:00,28.092620849609375,21.245849609375,3.0413436889648438,0.39996469020843506,8,2023
2023-08-15 16:00:00,25.516387939453125,21.8475341796875,1.9087841510772705,1.1263418197631836,8,2023
2023-08-16 02:00:00,24.14288330078125,21.778594970703125,2.2519402503967285,0.37779900431632996,8,2023
2023-08-16 12:00:00,28.36181640625,21.757843017578125,2.6558284759521484,1.0184073448181152,8,2023
2023-08-16 22:00:00,24.2330322265625,21.48828125,2.1135928630828857,1.1761176586151123,8,2023
2023-08-17 08:00:00,29.3505859375,21.49151611328125,3.3932695388793945,0.5906577110290527,8,2023
2023-08-17 18:00:00,24.780517578125,21.579559326171875,2.4506685733795166,2.701014757156372,8,2023
2023-08-18 04:00:00,25.139007568359375,21.338134765625,3.369697093963623,2.683034658432007,8,2023
2023-08-18 14:00:00,25.102081298828125,21.546417236328125,2.7070252895355225,8.393791198730469,8,2023
2023-08-19 00:00:00,23.274505615234375,21.45306396484375,2.7083818912506104,8.625982284545898,8,2023
2023-08-19 10:00:00,25.723388671875,22.1512451171875,3.119915246963501,7.286096572875977,8,2023
2023-08-19 20:00:00,23.512176513671875,21.8045654296875,2.606227159500122,11.28823184967041,8,2023
2023-08-20 06:00:00,26.5787353515625,21.562744140625,3.3349311351776123,2.301478385925293,8,2023
2023-08-20 16:00:00,24.922760009765625,21.814208984375,2.068214178085327,3.607694387435913,8,2023
2023-08-21 02:00:00,23.86004638671875,21.779998779296875,2.41975474357605,0.9433427453041077,8,2023
2023-08-21 12:00:00,27.89825439453125,21.6051025390625,2.4780595302581787,0.9106839895248413,8,2023
2023-08-21 22:00:00,23.65008544921875,21.636199951171875,1.613085150718689,0.9786271452903748,8,2023
2023-08-22 08:00:00,29.537841796875,21.979339599609375,2.736743688583374,0.5185044407844543,8,2023
2023-08-22 18:00:00,25.114105224609375,22.241424560546875,1.8937628269195557,1.2629307508468628,8,2023
2023-08-23 04:00:00,26.742279052734375,22.10137939453125,2.7435245513916016,0.20980745553970337,8,2023
2023-08-23 14:00:00,26.81292724609375,21.96539306640625,2.431140899658203,1.9430543184280396,8,2023
2023-08-24 00:00:00,23.674713134765625,21.33807373046875,2.2964425086975098,1.6688214540481567,8,2023
2023-08-24 10:00:00,28.932861328125,21.28692626953125,3.2577805519104004,0.8670704364776611,8,2023
2023-08-24 20:00:00,24.58697509765625,21.531219482421875,2.253377914428711,1.4021486043930054,8,2023
2023-08-25 06:00:00,28.407257080078125,21.647857666015625,3.5415780544281006,0.6048752069473267,8,2023
2023-08-25 16:00:00,25.596282958984375,22.3321533203125,2.2172229290008545,2.2186660766601562,8,2023
2023-08-26 02:00:00,24.305084228515625,22.368682861328125,2.5515449047088623,0.8594714999198914,8,2023
2023-08-26 12:00:00,28.449310302734375,21.945220947265625,2.6917002201080322,1.2389756441116333,8,2023
2023-08-26 22:00:00,24.107513427734375,21.689483642578125,2.24080491065979,1.4466500282287598,8,2023
2023-08-27 08:00:00,29.770751953125,21.665069580078125,3.609534740447998,0.5837041735649109,8,2023
2023-08-27 18:00:00,24.764312744140625,21.59912109375,2.2583742141723633,1.1104170083999634,8,2023
2023-08-28 04:00:00,26.485198974609375,21.15350341796875,3.1999995708465576,0.1990552842617035,8,2023
2023-08-28 14:00:00,26.600341796875,21.092926025390625,2.176252603530884,0.6482357382774353,8,2023
2023-08-29 00:00:00,22.936187744140625,20.79901123046875,2.003467321395874,0.4693554639816284,8,2023
2023-08-29 10:00:00,29.938079833984375,20.57537841796875,2.3000845909118652,0.4995478689670563,8,2023
2023-08-29 20:00:00,23.8074951171875,20.989654541015625,1.568336009979248,0.7097866535186768,8,2023
2023-08-30 06:00:00,29.4818115234375,20.761871337890625,2.146378993988037,0.11263716965913773,8,2023
2023-08-30 16:00:00,25.741424560546875,21.62030029296875,1.1450310945510864,0.4256293773651123,8,2023
2023-08-31 02:00:00,24.448455810546875,21.712066650390625,1.2821135520935059,0.11458131670951843,8,2023
2023-08-31 12:00:00,30.05670166015625,21.151519775390625,1.2853392362594604,0.26518499851226807,8,2023
2023-08-31 22:00:00,24.177886962890625,21.79315185546875,1.113747239112854,0.3397482931613922,8,2023
2023-09-01 08:00:00,31.806304931640625,21.3267822265625,1.464869737625122,0.13521471619606018,9,2023
2023-09-01 18:00:00,25.971343994140625,22.434539794921875,0.9395062327384949,0.48585423827171326,9,2023
2023-09-02 04:00:00,28.6551513671875,22.37506103515625,1.6722153425216675,0.14366281032562256,9,2023
2023-09-02 14:00:00,27.96435546875,22.87347412109375,1.5176911354064941,1.3754938840866089,9,2023
2023-09-03 00:00:00,24.239593505859375,22.1522216796875,1.6615514755249023,2.60961651802063,9,2023
2023-09-03 10:00:00,29.407623291015625,22.84149169921875,1.9628201723098755,4.094740390777588,9,2023
2023-09-03 20:00:00,24.31982421875,22.353057861328125,1.8456636667251587,8.757867813110352,9,2023
2023-09-04 06:00:00,27.832244873046875,21.970672607421875,2.764098644256592,3.6904702186584473,9,2023
2023-09-04 16:00:00,25.41650390625,22.15020751953125,2.273448944091797,7.130743980407715,9,2023
2023-09-05 02:00:00,23.94854736328125,21.31878662109375,2.7734012603759766,2.8241467475891113,9,2023
2023-09-05 12:00:00,27.940185546875,22.290252685546875,2.46142578125,3.594285726547241,9,2023
2023-09-05 22:00:00,24.14764404296875,21.60791015625,2.379055976867676,5.935251712799072,9,2023
2023-09-06 08:00:00,28.925079345703125,22.20526123046875,2.908018112182617,2.3887410163879395,9,2023
2023-09-06 18:00:00,24.856475830078125,22.316070556640625,2.0359439849853516,6.237704753875732,9,2023
2023-09-07 04:00:00,25.16436767578125,22.394256591796875,2.808408498764038,3.2036614418029785,9,2023
2023-09-07 14:00:00,24.846832275390625,22.19512939453125,2.506178379058838,10.745238304138184,9,2023
2023-09-08 00:00:00,23.449249267578125,21.9586181640625,2.586008310317993,10.539937019348145,9,2023
2023-09-08 10:00:00,26.114105224609375,22.74169921875,3.2607510089874268,7.896927356719971,9,2023
2023-09-08 20:00:00,23.998626708984375,22.257904052734375,2.698591709136963,13.52839183807373,9,2023
2023-09-09 06:00:00,26.0677490234375,22.594573974609375,3.4839231967926025,2.698975086212158,9,2023
2023-09-09 16:00:00,24.891754150390625,22.708740234375,2.4386544227600098,5.538655757904053,9,2023
2023-09-10 02:00:00,24.05908203125,22.36181640625,3.0256145000457764,2.032153367996216,9,2023
2023-09-10 12:00:00,26.778076171875,22.753753662109375,2.8287999629974365,3.3405113220214844,9,2023
2023-09-10 22:00:00,23.716827392578125,22.0001220703125,2.5326666831970215,5.565557479858398,9,2023
2023-09-11 08:00:00,29.114990234375,22.273345947265625,3.6264030933380127,0.6727100610733032,9,2023
2023-09-11 18:00:00,24.7359619140625,22.105316162109375,2.485650062561035,1.6291927099227905,9,2023
2023-09-12 04:00:00,26.37933349609375,21.875335693359375,3.5426502227783203,0.21537117660045624,9,2023
2023-09-12 14:00:00,26.115081787109375,22.065399169921875,2.2726893424987793,1.4905555248260498,9,2023
2023-09-13 00:00:00,23.448699951171875,21.129791259765625,2.5161077976226807,1.3418829441070557,9,2023
2023-09-13 10:00:00,28.15155029296875,21.776824951171875,2.889307737350464,1.3884329795837402,9,2023
2023-09-13 20:00:00,24.022308349609375,21.75982666015625,2.0930287837982178,3.360041618347168,9,2023
2023-09-14 06:00:00,26.2760009765625,22.009918212890625,3.0542922019958496,2.5685794353485107,9,2023
2023-09-14 16:00:00,24.663909912109375,22.324432373046875,2.007676601409912,6.256732940673828,9,2023
2023-09-15 02:00:00,23.596588134765625,21.807952880859375,2.8806204795837402,3.4635543823242188,9,2023
2023-09-15 12:00:00,26.456817626953125,22.034576416015625,3.0502986907958984,7.623142719268799,9,2023
2023-09-15 22:00:00,23.67828369140625,21.36083984375,3.2297894954681396,11.814000129699707,9,2023
2023-09-16 08:00:00,27.67529296875,21.75830078125,4.2782721519470215,5.7603607177734375,9,2023
2023-09-16 18:00:00,24.395050048828125,21.773773193359375,2.8134396076202393,10.510846138000488,9,2023
2023-09-17 04:00:00,26.0438232421875,21.4837646484375,3.645482063293457,2.8210692405700684,9,2023
2023-09-17 14:00:00,25.7530517578125,21.876190185546875,2.297020196914673,6.028911590576172,9,2023
2023-09-18 00:00:00,23.237762451171875,21.304473876953125,2.2633132934570312,4.152708053588867,9,2023
2023-09-18 10:00:00,29.19805908203125,22.254547119140625,2.829709529876709,1.4445741176605225,9,2023
2023-09-18 20:00:00,24.410552978515625,21.863372802734375,2.0359742641448975,2.2725930213928223,9,2023
2023-09-19 06:00:00,28.754425048828125,22.1630859375,2.8291304111480713,0.46737140417099,9,2023
2023-09-19 16:00:00,25.563873291015625,22.826263427734375,1.823244333267212,1.9832910299301147,9,2023
2023-09-20 02:00:00,24.7601318359375,22.531585693359375,1.9969758987426758,0.6079538464546204,9,2023
2023-09-20 12:00:00,27.52685546875,23.414825439453125,1.6294368505477905,3.420912027359009,9,2023
2023-09-20 22:00:00,24.346435546875,22.67919921875,1.5646430253982544,5.0124616622924805,9,2023
2023-09-21 08:00:00,28.519805908203125,23.60760498046875,1.9046331644058228,2.959912061691284,9,2023
2023-09-21 18:00:00,24.391845703125,23.29229736328125,1.5399638414382935,8.455232620239258,9,2023
2023-09-22 04:00:00,25.61907958984375,23.02130126953125,1.678500771522522,2.1863672733306885,9,2023
2023-09-22 14:00:00,25.38104248046875,23.423583984375,1.1121643781661987,6.381801605224609,9,2023
2023-09-23 00:00:00,23.44921875,22.63897705078125,1.2833445072174072,5.665340423583984,9,2023
2023-09-23 10:00:00,27.954925537109375,23.37164306640625,1.4147268533706665,4.923492908477783,9,2023
2023-09-23 20:00:00,23.96380615234375,23.006622314453125,1.3616597652435303,9.850373268127441,9,2023
2023-09-24 06:00:00,27.07763671875,23.264862060546875,2.204389810562134,2.5330982208251953,9,2023
2023-09-24 16:00:00,24.523895263671875,23.05072021484375,1.495567798614502,6.498296737670898,9,2023
2023-09-25 02:00:00,23.688812255859375,22.52734375,1.741735816001892,2.3353068828582764,9,2023
2023-09-25 12:00:00,26.6202392578125,23.1669921875,1.4051625728607178,4.207533359527588,9,2023
2023-09-25 22:00:00,23.47314453125,22.693267822265625,1.017096757888794,5.848323345184326,9,2023
2023-09-26 08:00:00,28.961273193359375,23.4051513671875,1.0618942975997925,1.9918773174285889,9,2023
2023-09-26 18:00:00,24.106964111328125,23.136566162109375,0.7849439382553101,6.697442531585693,9,2023
2023-09-27 04:00:00,26.949462890625,23.472930908203125,0.7249923944473267,1.1530684232711792,9,2023
2023-09-27 14:00:00,26.016510009765625,23.84326171875,0.3575483560562134,5.592529773712158,9,2023
2023-09-28 00:00:00,23.54400634765625,22.646942138671875,0.5402158498764038,4.441320896148682,9,2023
2023-09-28 10:00:00,29.80584716796875,23.289947509765625,0.5158661007881165,2.19331693649292,9,2023
2023-09-28 20:00:00,24.388824462890625,22.9842529296875,0.35918131470680237,5.587980270385742,9,2023
2023-09-29 06:00:00,29.56005859375,23.109344482421875,0.51611328125,0.5560058355331421,9,2023
2023-09-29 16:00:00,25.2979736328125,23.32098388671875,0.4982479214668274,5.0771894454956055,9,2023
2023-09-30 02:00:00,24.2386474609375,22.655914306640625,0.8585540652275085,1.5050491094589233,9,2023
2023-09-30 12:00:00,28.031829833984375,23.0682373046875,0.3685370087623596,2.5079221725463867,9,2023
2023-09-30 22:00:00,24.02630615234375,21.98663330078125,0.8597366213798523,4.1739501953125,9,2023
2023-10-01 08:00:00,30.010406494140625,21.92156982421875,1.3934049606323242,2.7199747562408447,10,2023
2023-10-01 18:00:00,24.643829345703125,21.905731201171875,1.3068991899490356,6.686429023742676,10,2023
2023-10-02 04:00:00,26.8409423828125,21.785736083984375,2.098007917404175,0.39394843578338623,10,2023
2023-10-02 14:00:00,26.177886962890625,21.88385009765625,1.8624298572540283,0.8076875805854797,10,2023
2023-10-03 00:00:00,23.484771728515625,20.6666259765625,2.01973032951355,0.6380293965339661,10,2023
2023-10-03 10:00:00,30.433349609375,20.286376953125,2.3660638332366943,0.24740682542324066,10,2023
2023-10-03 20:00:00,23.8026123046875,20.234619140625,1.6859893798828125,0.5353555679321289,10,2023
2023-10-04 06:00:00,29.824432373046875,20.186492919921875,2.3123481273651123,0.028121372684836388,10,2023
2023-10-04 16:00:00,24.68353271484375,19.46136474609375,1.5559803247451782,0.21255478262901306,10,2023
2023-10-05 02:00:00,22.580596923828125,19.4312744140625,1.7115423679351807,0.051315657794475555,10,2023
2023-10-05 12:00:00,28.96270751953125,19.451019287109375,1.8172154426574707,0.11966202408075333,10,2023
2023-10-05 22:00:00,21.537841796875,18.116729736328125,1.6322815418243408,0.14493514597415924,10,2023
2023-10-06 08:00:00,31.2646484375,17.792755126953125,2.025516986846924,0.013874996453523636,10,2023
2023-10-06 18:00:00,23.123504638671875,19.161712646484375,1.2883050441741943,0.03108106181025505,10,2023
2023-10-07 04:00:00,27.227752685546875,20.393829345703125,1.4924043416976929,0.002851516241207719,10,2023
2023-10-07 14:00:00,26.80279541015625,20.070037841796875,1.0377904176712036,0.030965715646743774,10,2023
2023-10-08 00:00:00,21.983734130859375,19.022552490234375,0.9121676087379456,0.01930391415953636,10,2023
2023-10-08 10:00:00,31.88397216796875,17.961578369140625,0.9297052621841431,0.012325672432780266,10,2023
2023-10-08 20:00:00,23.670501708984375,19.78912353515625,0.7184970378875732,0.018666042014956474,10,2023
2023-10-09 06:00:00,31.12713623046875,19.313446044921875,1.1514859199523926,0.005158572923392057,10,2023
2023-10-09 16:00:00,25.69464111328125,20.233734130859375,0.6541424989700317,0.08374658972024918,10,2023
2023-10-10 02:00:00,23.74658203125,20.4957275390625,0.7409798502922058,0.02015450783073902,10,2023
2023-10-10 12:00:00,30.009307861328125,20.55938720703125,1.0486929416656494,0.0776965543627739,10,2023
2023-10-10 22:00:00,23.04620361328125,19.647003173828125,0.6683164238929749,0.08611667156219482,10,2023
2023-10-11 08:00:00,32.037384033203125,18.423431396484375,1.0264105796813965,0.06895335763692856,10,2023
2023-10-11 18:00:00,24.664794921875,19.90203857421875,0.3796559274196625,0.17646165192127228,10,2023
2023-10-12 04:00:00,28.693756103515625,19.829681396484375,0.6622499227523804,0.010907129384577274,10,2023
2023-10-12 14:00:00,27.649444580078125,19.843780517578125,0.6227574944496155,0.09128718823194504,10,2023
2023-10-13 00:00:00,23.053314208984375,18.975128173828125,0.45491737127304077,0.05706276372075081,10,2023
2023-10-13 10:00:00,31.98980712890625,16.8426513671875,1.110430359840393,0.03489119932055473,10,2023
2023-10-13 20:00:00,24.114349365234375,19.18695068359375,0.47150352597236633,0.04586140066385269,10,2023
2023-10-14 06:00:00,31.171417236328125,18.246124267578125,0.7113380432128906,0.004631279036402702,10,2023
2023-10-14 16:00:00,25.99725341796875,19.464874267578125,0.2776382863521576,0.02629195898771286,10,2023
2023-10-15 02:00:00,23.996063232421875,20.234130859375,0.11669428646564484,0.006997245363891125,10,2023
2023-10-15 12:00:00,29.480316162109375,18.77691650390625,0.5342895984649658,0.18381768465042114,10,2023
2023-10-15 22:00:00,23.7288818359375,19.608306884765625,0.20169483125209808,0.19463928043842316,10,2023
2023-10-16 08:00:00,31.508697509765625,17.617431640625,0.7544323205947876,0.10602523386478424,10,2023
2023-10-16 18:00:00,24.925933837890625,19.833282470703125,0.528093695640564,0.3688740134239197,10,2023
2023-10-17 04:00:00,28.537933349609375,19.020233154296875,0.7408640384674072,0.026625454425811768,10,2023
2023-10-17 14:00:00,27.111236572265625,18.98687744140625,0.959072470664978,0.3018375039100647,10,2023
2023-10-18 00:00:00,22.426025390625,18.687469482421875,0.813689649105072,0.19327466189861298,10,2023
2023-10-18 10:00:00,31.490020751953125,16.74285888671875,1.4853588342666626,0.02853338234126568,10,2023
2023-10-18 20:00:00,23.646484375,18.733612060546875,0.8037416934967041,0.04594181478023529,10,2023
2023-10-19 06:00:00,30.6705322265625,17.872772216796875,1.3050802946090698,0.016222668811678886,10,2023
2023-10-19 16:00:00,25.6881103515625,18.81890869140625,1.1342459917068481,0.10257211327552795,10,2023
2023-10-20 02:00:00,23.286651611328125,19.4560546875,1.2560290098190308,0.028465935960412025,10,2023
2023-10-20 12:00:00,29.5576171875,17.632232666015625,1.505577564239502,0.09672024846076965,10,2023
2023-10-20 22:00:00,22.782867431640625,18.2227783203125,1.2908138036727905,0.10515401512384415,10,2023
2023-10-21 08:00:00,31.744110107421875,16.23699951171875,1.8780834674835205,0.02038532868027687,10,2023
2023-10-21 18:00:00,24.18597412109375,17.283172607421875,1.2642862796783447,0.05215182155370712,10,2023
2023-10-22 04:00:00,27.8880615234375,16.6485595703125,1.1576557159423828,0.0027928859926760197,10,2023
2023-10-22 14:00:00,26.748626708984375,14.841644287109375,1.5067769289016724,0.0015745130367577076,10,2023
2023-10-23 00:00:00,20.20458984375,14.493072509765625,0.9631880521774292,0.0009461957379244268,10,2023
2023-10-23 10:00:00,31.2755126953125,12.546295166015625,2.380033254623413,0.00047870565322227776,10,2023
2023-10-23 20:00:00,21.980987548828125,15.02191162109375,1.0797420740127563,0.0009884019382297993,10,2023
2023-10-24 06:00:00,30.2181396484375,13.623626708984375,1.624325156211853,0.0008130695787258446,10,2023
2023-10-24 16:00:00,24.32781982421875,14.476409912109375,1.3430365324020386,0.006591613870114088,10,2023
2023-10-25 02:00:00,21.355010986328125,15.910186767578125,0.9160564541816711,0.0016494594747200608,10,2023
2023-10-25 12:00:00,29.20562744140625,13.604339599609375,1.7545692920684814,1.2974604032933712e-05,10,2023
2023-10-25 22:00:00,20.594635009765625,13.485137939453125,0.8712372183799744,0.00033284342498518527,10,2023
2023-10-26 08:00:00,31.317779541015625,10.8013916015625,1.865594506263733,0.0005890687461942434,10,2023
2023-10-26 18:00:00,22.31829833984375,13.079071044921875,1.0628527402877808,0.001848927466198802,10,2023
2023-10-27 04:00:00,27.134490966796875,13.228424072265625,1.1648250818252563,0.0023568233009427786,10,2023
2023-10-27 14:00:00,25.61798095703125,13.080291748046875,1.2888860702514648,0.014582660049200058,10,2023
2023-10-28 00:00:00,19.650146484375,13.01593017578125,0.8740499019622803,0.013628550805151463,10,2023
2023-10-28 10:00:00,30.8604736328125,12.54345703125,0.9380919337272644,0.05092008039355278,10,2023
2023-10-28 20:00:00,21.73748779296875,14.69232177734375,1.0636807680130005,0.08605635911226273,10,2023
2023-10-29 06:00:00,29.96966552734375,14.312713623046875,1.3508241176605225,0.01564599946141243,10,2023
2023-10-29 16:00:00,24.313751220703125,15.2779541015625,1.2938770055770874,0.06360945850610733,10,2023
2023-10-30 02:00:00,21.287445068359375,16.445526123046875,1.3017361164093018,0.03189612179994583,10,2023
2023-10-30 12:00:00,28.584991455078125,15.679840087890625,1.2671517133712769,0.2027919590473175,10,2023
2023-10-30 22:00:00,21.09820556640625,16.2001953125,1.1428545713424683,0.33423560857772827,10,2023
2023-10-31 08:00:00,30.772552490234375,15.259918212890625,1.6184253692626953,0.11295285820960999,10,2023
2023-10-31 18:00:00,23.202392578125,16.225433349609375,1.2043122053146362,0.26475247740745544,10,2023
2023-11-01 04:00:00,26.892974853515625,17.2576904296875,1.373291254043579,0.025162750855088234,11,2023
2023-11-01 14:00:00,26.595306396484375,16.7017822265625,1.2651495933532715,0.046647801995277405,11,2023
2023-11-02 00:00:00,20.97039794921875,17.038726806640625,0.865622341632843,0.04234745353460312,11,2023
2023-11-02 10:00:00,30.689727783203125,16.025909423828125,1.08563232421875,0.12835991382598877,11,2023
2023-11-02 20:00:00,22.611175537109375,17.453765869140625,1.0315561294555664,0.24547232687473297,11,2023
2023-11-03 06:00:00,29.80841064453125,17.17919921875,1.2762508392333984,0.08274737000465393,11,2023
2023-11-03 16:00:00,24.967315673828125,17.269500732421875,1.134587049484253,0.2652706503868103,11,2023
2023-11-04 02:00:00,21.848419189453125,17.6334228515625,1.2720050811767578,0.12391673028469086,11,2023
2023-11-04 12:00:00,29.127685546875,15.75115966796875,1.5432322025299072,0.28538110852241516,11,2023
2023-11-04 22:00:00,21.613006591796875,15.91888427734375,1.1879889965057373,0.3582281768321991,11,2023
2023-11-05 08:00:00,31.24896240234375,14.6549072265625,2.0159316062927246,0.14129142463207245,11,2023
2023-11-05 18:00:00,23.07965087890625,15.38079833984375,1.5376415252685547,0.4801419675350189,11,2023
2023-11-06 04:00:00,26.661712646484375,16.666412353515625,1.824359655380249,0.09746866673231125,11,2023
2023-11-06 14:00:00,25.911712646484375,16.450592041015625,1.4080363512039185,0.9663200974464417,11,2023
2023-11-07 00:00:00,20.985504150390625,15.86981201171875,1.0956151485443115,0.7953963279724121,11,2023
2023-11-07 10:00:00,30.08233642578125,15.71197509765625,1.5561496019363403,0.8954001665115356,11,2023
2023-11-07 20:00:00,22.212982177734375,16.446197509765625,1.1965140104293823,3.060840606689453,11,2023
2023-11-08 06:00:00,29.000579833984375,17.412384033203125,1.247194528579712,0.2877495586872101,11,2023
2023-11-08 16:00:00,24.21148681640625,18.142730712890625,0.9214047789573669,1.943988561630249,11,2023
2023-11-09 02:00:00,21.645751953125,18.303802490234375,0.9497149586677551,0.7189977169036865,11,2023
2023-11-09 12:00:00,27.994964599609375,17.3082275390625,0.9897260069847107,1.3098925352096558,11,2023
2023-11-09 22:00:00,21.836273193359375,16.77581787109375,0.8483318090438843,1.7246692180633545,11,2023
2023-11-10 08:00:00,30.473602294921875,16.168243408203125,1.1943355798721313,0.06767040491104126,11,2023
2023-11-10 18:00:00,23.53302001953125,17.373199462890625,0.6655215620994568,0.41082456707954407,11,2023
2023-11-11 04:00:00,27.070068359375,16.849090576171875,1.0879552364349365,0.01902429200708866,11,2023
2023-11-11 14:00:00,26.538177490234375,16.4447021484375,1.0785268545150757,0.006593834143131971,11,2023
2023-11-12 00:00:00,20.5506591796875,15.43359375,0.9598433971405029,0.0043466645292937756,11,2023
2023-11-12 10:00:00,31.310302734375,13.6185302734375,1.525407314300537,2.6189725303993328e-06,11,2023
2023-11-12 20:00:00,21.4163818359375,14.705780029296875,1.086280107498169,4.937592620990472e-06,11,2023
2023-11-13 06:00:00,29.2056884765625,14.4044189453125,1.635318398475647,0.0003854677779600024,11,2023
2023-11-13 16:00:00,23.779022216796875,15.346343994140625,1.1426100730895996,0.0012139352038502693,11,2023
2023-11-14 02:00:00,20.32586669921875,16.212921142578125,1.137619137763977,0.0007002296042628586,11,2023
2023-11-14 12:00:00,28.08892822265625,14.813995361328125,1.0870732069015503,0.006222845986485481,11,2023
2023-11-14 22:00:00,20.410064697265625,14.987701416015625,1.0247052907943726,0.017402715981006622,11,2023
2023-11-15 08:00:00,29.851531982421875,13.5032958984375,1.448809266090393,0.005017651244997978,11,2023
2023-11-15 18:00:00,21.8304443359375,14.33648681640625,1.3773280382156372,0.005257791373878717,11,2023
2023-11-16 04:00:00,25.542205810546875,14.839569091796875,1.6877166032791138,0.0002252560661872849,11,2023
2023-11-16 14:00:00,25.066375732421875,14.440521240234375,1.392155408859253,0.0006188189727254212,11,2023
2023-11-17 00:00:00,19.17919921875,14.36480712890625,1.604995608329773,0.0010409817332401872,11,2023
2023-11-17 10:00:00,30.001983642578125,14.1163330078125,1.061715841293335,0.004272701218724251,11,2023
2023-11-17 20:00:00,21.13128662109375,15.935394287109375,1.2646863460540771,0.005215576849877834,11,2023
2023-11-18 06:00:00,29.071929931640625,16.483917236328125,1.1278231143951416,0.0021227942779660225,11,2023
2023-11-18 16:00:00,24.1988525390625,16.566070556640625,1.1347787380218506,0.0037929373793303967,11,2023
2023-11-19 02:00:00,20.877685546875,17.338714599609375,1.393175721168518,0.0017355564050376415,11,2023
2023-11-19 12:00:00,29.0787353515625,16.197540283203125,1.1609057188034058,0.00960695743560791,11,2023
2023-11-19 22:00:00,21.766357421875,16.812591552734375,1.2525813579559326,0.011554602533578873,11,2023
2023-11-20 08:00:00,30.52716064453125,15.564666748046875,1.6987136602401733,0.011570717208087444,11,2023
2023-11-20 18:00:00,23.181976318359375,16.095184326171875,1.4779601097106934,0.09946982562541962,11,2023
2023-11-21 04:00:00,26.012969970703125,16.985198974609375,1.8411409854888916,0.05054408684372902,11,2023
2023-11-21 14:00:00,25.912628173828125,16.0390625,1.354053020477295,0.17716829478740692,11,2023
2023-11-22 00:00:00,20.74407958984375,17.006927490234375,1.20418119430542,0.1370919644832611,11,2023
2023-11-22 10:00:00,29.794708251953125,15.367889404296875,0.9214096069335938,0.17266161739826202,11,2023
2023-11-22 20:00:00,21.96844482421875,16.579925537109375,1.118851661682129,0.31060463190078735,11,2023
2023-11-23 06:00:00,28.14764404296875,17.063995361328125,1.4108961820602417,0.24218064546585083,11,2023
2023-11-23 16:00:00,23.81524658203125,17.81072998046875,1.269788384437561,1.062425971031189,11,2023
2023-11-24 02:00:00,21.68798828125,18.515106201171875,1.6623252630233765,0.3417545258998871,11,2023
2023-11-24 12:00:00,26.92608642578125,18.165191650390625,1.3509358167648315,1.261792778968811,11,2023
2023-11-24 22:00:00,21.623504638671875,18.279541015625,1.5169954299926758,1.7192257642745972,11,2023
2023-11-25 08:00:00,29.26019287109375,17.756683349609375,1.867531418800354,0.20006777346134186,11,2023
2023-11-25 18:00:00,22.859649658203125,17.884857177734375,1.4896104335784912,0.8044996857643127,11,2023
2023-11-26 04:00:00,25.30712890625,17.779022216796875,2.1570839881896973,0.14770229160785675,11,2023
2023-11-26 14:00:00,24.7039794921875,18.214508056640625,1.2932242155075073,2.5235888957977295,11,2023
2023-11-27 00:00:00,20.73504638671875,18.339019775390625,1.2471280097961426,5.089542865753174,11,2023
2023-11-27 10:00:00,26.508270263671875,18.22808837890625,1.032166838645935,3.192917823791504,11,2023
2023-11-27 20:00:00,21.35443115234375,18.570953369140625,0.9866119027137756,4.627884864807129,11,2023
2023-11-28 06:00:00,25.303619384765625,18.7662353515625,1.067216396331787,1.3784245252609253,11,2023
2023-11-28 16:00:00,21.580535888671875,18.96209716796875,1.0192606449127197,3.434915542602539,11,2023
2023-11-29 02:00:00,20.231353759765625,19.037322998046875,1.0697399377822876,1.2560138702392578,11,2023
2023-11-29 12:00:00,25.7412109375,18.965972900390625,0.7916535139083862,1.153176188468933,11,2023
2023-11-29 22:00:00,20.814239501953125,18.986724853515625,1.037556767463684,1.4730488061904907,11,2023
2023-11-30 08:00:00,28.007965087890625,19.046478271484375,1.4575395584106445,0.22070127725601196,11,2023
2023-11-30 18:00:00,22.14495849609375,19.253448486328125,0.8527188301086426,0.8665945529937744,11,2023
2023-12-01 04:00:00,24.156463623046875,19.182708740234375,0.9776709675788879,0.20067445933818817,12,2023
2023-12-01 14:00:00,24.184051513671875,18.6783447265625,1.0519402027130127,0.7075239419937134,12,2023
2023-12-02 00:00:00,20.117950439453125,18.14361572265625,1.4117553234100342,0.4608246386051178,12,2023
2023-12-02 10:00:00,29.174560546875,17.105224609375,1.9279670715332031,0.08548162132501602,12,2023
2023-12-02 20:00:00,22.1087646484375,17.903411865234375,1.8027390241622925,0.1538466215133667,12,2023
2023-12-03 06:00:00,27.9173583984375,17.95111083984375,2.50834321975708,0.02595456689596176,12,2023
2023-12-03 16:00:00,23.667236328125,18.197662353515625,1.6643704175949097,0.09320954233407974,12,2023
2023-12-04 02:00:00,21.002166748046875,17.652557373046875,1.8724431991577148,0.14396218955516815,12,2023
2023-12-04 12:00:00,26.29718017578125,18.4617919921875,1.9743272066116333,1.082573413848877,12,2023
2023-12-04 22:00:00,21.44677734375,18.3800048828125,2.137528896331787,2.418078899383545,12,2023
2023-12-05 08:00:00,26.114166259765625,18.683502197265625,2.8321664333343506,2.003373622894287,12,2023
2023-12-05 18:00:00,21.808441162109375,18.671539306640625,2.013605833053589,5.83544397354126,12,2023
2023-12-06 04:00:00,22.489044189453125,18.255828857421875,1.9635798931121826,1.021317958831787,12,2023
2023-12-06 14:00:00,22.779266357421875,18.35296630859375,1.6456001996994019,1.7335646152496338,12,2023
2023-12-07 00:00:00,19.80596923828125,18.21954345703125,1.1063978672027588,1.2088567018508911,12,2023
2023-12-07 10:00:00,25.852874755859375,17.409912109375,0.9868069887161255,0.2745027244091034,12,2023
2023-12-07 20:00:00,19.900421142578125,18.105743408203125,1.276760220527649,0.3361525237560272,12,2023
2023-12-08 06:00:00,25.397430419921875,17.935516357421875,0.9446415305137634,0.0736934244632721,12,2023
2023-12-08 16:00:00,21.93951416015625,17.69512939453125,1.2795284986495972,0.17798712849617004,12,2023
2023-12-09 02:00:00,18.84930419921875,17.192413330078125,1.2737038135528564,0.04393867030739784,12,2023
2023-12-09 12:00:00,26.007659912109375,16.269256591796875,1.2781693935394287,0.03934871405363083,12,2023
2023-12-09 22:00:00,19.25189208984375,15.652862548828125,1.3819384574890137,0.037649232894182205,12,2023
2023-12-10 08:00:00,27.314239501953125,14.8675537109375,0.8382740020751953,0.006677279248833656,12,2023
2023-12-10 18:00:00,20.337982177734375,15.163299560546875,1.2986950874328613,0.0100024975836277,12,2023
2023-12-11 04:00:00,23.145904541015625,15.8619384765625,1.2083863019943237,0.0007686518947593868,12,2023
2023-12-11 14:00:00,23.41986083984375,15.614471435546875,1.041983723640442,0.0020145676098763943,12,2023
2023-12-12 00:00:00,18.349761962890625,15.294403076171875,1.0934016704559326,0.0013681035488843918,12,2023
2023-12-12 10:00:00,27.593109130859375,13.8060302734375,0.2945072054862976,0.004865127615630627,12,2023
2023-12-12 20:00:00,19.908477783203125,15.152618408203125,1.1091464757919312,0.007316767703741789,12,2023
2023-12-13 06:00:00,26.353668212890625,14.263824462890625,1.539115309715271,0.0013677884126082063,12,2023
2023-12-13 16:00:00,21.678314208984375,14.508941650390625,1.5874770879745483,0.0028058525640517473,12,2023
2023-12-14 02:00:00,17.89990234375,14.373748779296875,1.5668087005615234,0.0012567642843350768,12,2023
2023-12-14 12:00:00,25.43701171875,13.6259765625,1.4817657470703125,0.002833982929587364,12,2023
2023-12-14 22:00:00,17.921875,14.102264404296875,1.3837707042694092,0.0032025633845478296,12,2023
2023-12-15 08:00:00,26.566650390625,13.187469482421875,1.445611834526062,0.0003833348455373198,12,2023
2023-12-15 18:00:00,19.738067626953125,14.24810791015625,1.318239450454712,0.0019069407135248184,12,2023
2023-12-16 04:00:00,22.680999755859375,15.08404541015625,1.2139817476272583,0.0018124033231288195,12,2023
2023-12-16 14:00:00,23.054962158203125,14.761199951171875,1.1543899774551392,0.01438798476010561,12,2023
2023-12-17 00:00:00,17.72412109375,14.41168212890625,1.4507964849472046,0.014295291155576706,12,2023
2023-12-17 10:00:00,26.6007080078125,13.6995849609375,1.7754943370819092,0.05928907170891762,12,2023
2023-12-17 20:00:00,19.176788330078125,13.68780517578125,1.9044325351715088,0.06869808584451675,12,2023
2023-12-18 06:00:00,24.5072021484375,12.45831298828125,2.7947661876678467,0.008206804282963276,12,2023
2023-12-18 16:00:00,20.587615966796875,12.213134765625,2.0549185276031494,0.010586964897811413,12,2023
2023-12-19 02:00:00,16.99884033203125,11.460113525390625,2.0472660064697266,0.0032647433690726757,12,2023
2023-12-19 12:00:00,24.138763427734375,11.560211181640625,2.0749387741088867,0.003983442671597004,12,2023
2023-12-19 22:00:00,16.36920166015625,11.010498046875,1.6927103996276855,0.003775007091462612,12,2023
2023-12-20 08:00:00,25.85015869140625,10.47808837890625,1.9413539171218872,0.006160249002277851,12,2023
2023-12-20 18:00:00,18.081512451171875,10.952606201171875,1.3892269134521484,0.006948569323867559,12,2023
2023-12-21 04:00:00,20.9505615234375,11.33001708984375,1.486611008644104,0.0024452887009829283,12,2023
2023-12-21 14:00:00,22.3197021484375,11.80218505859375,1.1974765062332153,0.003910448867827654,12,2023
2023-12-22 00:00:00,16.05517578125,11.29302978515625,0.9532734155654907,0.0029016942717134953,12,2023
2023-12-22 10:00:00,27.77093505859375,10.0042724609375,0.8324287533760071,0.0045792474411427975,12,2023
2023-12-22 20:00:00,17.877593994140625,11.5845947265625,0.968160092830658,0.009362509474158287,12,2023
2023-12-23 06:00:00,26.194183349609375,11.29931640625,1.4095560312271118,0.001906012068502605,12,2023
2023-12-23 16:00:00,20.74542236328125,12.201507568359375,1.4754496812820435,0.004145408980548382,12,2023
2023-12-24 02:00:00,15.814300537109375,12.520233154296875,1.3298789262771606,0.0009541490580886602,12,2023
2023-12-24 12:00:00,26.749359130859375,12.7943115234375,1.4680700302124023,0.000757400703150779,12,2023
2023-12-24 22:00:00,17.163848876953125,13.272430419921875,1.0874875783920288,0.001092724152840674,12,2023
2023-12-25 08:00:00,28.590087890625,12.949493408203125,1.0283193588256836,0.0005505451117642224,12,2023
2023-12-25 18:00:00,19.502838134765625,13.80584716796875,1.2120474576950073,0.0008749425760470331,12,2023
2023-12-26 04:00:00,22.741241455078125,15.20794677734375,0.9259986877441406,0.00023186423641163856,12,2023
2023-12-26 14:00:00,23.84649658203125,13.92694091796875,1.245375156402588,0.002529631834477186,12,2023
2023-12-27 00:00:00,16.8056640625,13.612762451171875,1.0371639728546143,0.001707501825876534,12,2023
2023-12-27 10:00:00,29.26239013671875,12.631317138671875,1.1605781316757202,0.0016055741580203176,12,2023
2023-12-27 20:00:00,18.740570068359375,14.3599853515625,1.2684595584869385,0.002173122251406312,12,2023
2023-12-28 06:00:00,26.55169677734375,14.85552978515625,1.5839054584503174,0.00025174874463118613,12,2023
2023-12-28 16:00:00,21.49371337890625,14.616424560546875,1.446808934211731,0.00026771731791086495,12,2023
2023-12-29 02:00:00,16.611328125,14.6025390625,1.196133017539978,0.0001677848194958642,12,2023
2023-12-29 12:00:00,27.129425048828125,14.3397216796875,1.2065340280532837,0.00045081297867000103,12,2023
2023-12-29 22:00:00,17.78387451171875,14.6474609375,1.1430898904800415,0.0006352137424983084,12,2023
2023-12-30 08:00:00,28.447296142578125,14.34039306640625,0.5046629309654236,0.000247884338023141,12,2023
2023-12-30 18:00:00,20.261199951171875,14.80694580078125,1.3020118474960327,0.0002553016529418528,12,2023
2023-12-31 04:00:00,22.91278076171875,15.711883544921875,1.3257917165756226,0.00019686701125465333,12,2023
2023-12-31 14:00:00,23.94354248046875,14.26495361328125,1.199844479560852,0.001318619353696704,12,2023
2024-01-01 00:00:00,17.43218994140625,14.868072509765625,1.1324774026870728,0.001795617281459272,1,2024
2024-01-01 10:00:00,28.584381103515625,13.47515869140625,0.6969667673110962,0.005815756507217884,1,2024
2024-01-01 20:00:00,19.411163330078125,14.98065185546875,1.1108455657958984,0.00651541817933321,1,2024
2024-01-02 06:00:00,26.40447998046875,15.023040771484375,1.4322824478149414,0.0021785798016935587,1,2024
2024-01-02 16:00:00,22.043182373046875,14.60137939453125,1.1686099767684937,0.0058273617178201675,1,2024
2024-01-03 02:00:00,17.845611572265625,15.615875244140625,1.4695545434951782,0.003819799516350031,1,2024
2024-01-03 12:00:00,26.70404052734375,14.381134033203125,0.8891820907592773,0.019717060029506683,1,2024
2024-01-03 22:00:00,19.418060302734375,15.968017578125,1.200307846069336,0.05666129291057587,1,2024
2024-01-04 08:00:00,27.562042236328125,14.84527587890625,1.0381653308868408,0.10597953200340271,1,2024
2024-01-04 18:00:00,20.719085693359375,15.25274658203125,1.0458531379699707,0.21024015545845032,1,2024
2024-01-05 04:00:00,22.019073486328125,16.001617431640625,1.4932342767715454,0.06781618297100067,1,2024
2024-01-05 14:00:00,23.510223388671875,14.5943603515625,0.7513346076011658,0.22398675978183746,1,2024
2024-01-06 00:00:00,18.1583251953125,15.14483642578125,1.1810319423675537,0.17778976261615753,1,2024
2024-01-06 10:00:00,27.5570068359375,13.9822998046875,1.2342334985733032,0.09108680486679077,1,2024
2024-01-06 20:00:00,19.781524658203125,15.05999755859375,1.6252937316894531,0.1473742127418518,1,2024
2024-01-07 06:00:00,25.55560302734375,15.0091552734375,2.2044034004211426,0.04542689397931099,1,2024
2024-01-07 16:00:00,22.321075439453125,14.577911376953125,1.8255205154418945,0.08971381932497025,1,2024
2024-01-08 02:00:00,18.595001220703125,15.106048583984375,1.9557751417160034,0.025476738810539246,1,2024
2024-01-08 12:00:00,27.045501708984375,14.91058349609375,1.69452965259552,0.03597347438335419,1,2024
2024-01-08 22:00:00,19.85748291015625,15.707977294921875,1.3673032522201538,0.10706549882888794,1,2024
2024-01-09 08:00:00,27.2100830078125,14.972564697265625,1.949238896369934,0.06970056146383286,1,2024
2024-01-09 18:00:00,21.693695068359375,15.862457275390625,1.0007617473602295,0.2592598795890808,1,2024
2024-01-10 04:00:00,22.70166015625,15.961761474609375,0.9767985939979553,0.06843089312314987,1,2024
2024-01-10 14:00:00,24.294158935546875,16.00079345703125,0.910281777381897,0.20938420295715332,1,2024
2024-01-11 00:00:00,19.423095703125,16.013641357421875,1.039355754852295,0.14795082807540894,1,2024
2024-01-11 10:00:00,29.583099365234375,14.514923095703125,0.8760735392570496,0.018484367057681084,1,2024
2024-01-11 20:00:00,20.9285888671875,15.529052734375,1.2981010675430298,0.021375153213739395,1,2024
2024-01-12 06:00:00,27.723724365234375,15.372283935546875,1.6347848176956177,0.0011466623982414603,1,2024
2024-01-12 16:00:00,23.724151611328125,16.339569091796875,1.0440179109573364,0.005111541599035263,1,2024
2024-01-13 02:00:00,19.53472900390625,16.427764892578125,0.8128567337989807,0.001494529191404581,1,2024
2024-01-13 12:00:00,29.09124755859375,14.76226806640625,1.056693196296692,0.0010695772944018245,1,2024
2024-01-13 22:00:00,20.301483154296875,15.643035888671875,0.28437453508377075,0.001004363177344203,1,2024
2024-01-14 08:00:00,29.9281005859375,13.041656494140625,1.185958743095398,0.002147404244169593,1,2024
2024-01-14 18:00:00,21.386444091796875,13.11883544921875,1.057610273361206,0.0030228886753320694,1,2024
2024-01-15 04:00:00,22.82049560546875,12.906768798828125,0.41547173261642456,0.008290888741612434,1,2024
2024-01-15 14:00:00,24.192535400390625,12.174560546875,0.7070034146308899,0.017348242923617363,1,2024
2024-01-16 00:00:00,16.961700439453125,12.385284423828125,0.4157417118549347,0.010502593591809273,1,2024
2024-01-16 10:00:00,28.7562255859375,12.090362548828125,0.799795389175415,0.007702756207436323,1,2024
2024-01-16 20:00:00,19.36846923828125,14.175445556640625,0.3355511426925659,0.008226045407354832,1,2024
2024-01-17 06:00:00,26.24884033203125,13.65997314453125,1.2391613721847534,0.0182060394436121,1,2024
2024-01-17 16:00:00,22.05731201171875,14.173370361328125,0.10271306335926056,0.06032402440905571,1,2024
2024-01-18 02:00:00,17.374603271484375,14.223541259765625,0.3241441547870636,0.029559893533587456,1,2024
2024-01-18 12:00:00,26.900421142578125,13.006072998046875,0.4295739531517029,0.0506063736975193,1,2024
2024-01-18 22:00:00,18.606903076171875,13.98370361328125,0.8029771447181702,0.05677379295229912,1,2024
2024-01-19 08:00:00,28.12518310546875,13.7283935546875,1.1435487270355225,0.0289909690618515,1,2024
2024-01-19 18:00:00,21.4385986328125,14.1517333984375,0.8835890889167786,0.047142621129751205,1,2024
2024-01-20 04:00:00,22.374542236328125,14.672210693359375,1.070361852645874,0.050654564052820206,1,2024
2024-01-20 14:00:00,24.461700439453125,14.552215576171875,0.295244961977005,0.1681172400712967,1,2024
2024-01-21 00:00:00,18.2064208984375,14.279266357421875,0.857097327709198,0.1500329226255417,1,2024
2024-01-21 10:00:00,28.3560791015625,12.197998046875,0.204203262925148,0.05514313280582428,1,2024
2024-01-21 20:00:00,19.390411376953125,13.21331787109375,1.0524636507034302,0.06051991134881973,1,2024
2024-01-22 06:00:00,26.160888671875,13.474822998046875,1.2516968250274658,0.01488486211746931,1,2024
2024-01-22 16:00:00,22.61773681640625,14.024200439453125,0.33837026357650757,0.05120081827044487,1,2024
2024-01-23 02:00:00,17.631988525390625,13.960845947265625,0.3539203107357025,0.06913447380065918,1,2024
2024-01-23 12:00:00,26.862152099609375,11.20733642578125,0.5678747296333313,0.25507470965385437,1,2024
2024-01-23 22:00:00,17.72833251953125,11.732147216796875,0.9497529864311218,0.30434292554855347,1,2024
2024-01-24 08:00:00,26.798919677734375,10.00274658203125,0.8469257354736328,0.20796768367290497,1,2024
2024-01-24 18:00:00,19.007049560546875,9.721343994140625,1.5835187435150146,0.2743520140647888,1,2024
2024-01-25 04:00:00,20.987579345703125,9.494873046875,1.7657991647720337,0.018224161118268967,1,2024
2024-01-25 14:00:00,23.1231689453125,10.17352294921875,1.3688769340515137,0.032367829233407974,1,2024
2024-01-26 00:00:00,16.03802490234375,10.283172607421875,1.5486475229263306,0.025654546916484833,1,2024
2024-01-26 10:00:00,28.52166748046875,10.777618408203125,0.6799651980400085,0.051565058529376984,1,2024
2024-01-26 20:00:00,18.764190673828125,11.805572509765625,1.398177981376648,0.061365120112895966,1,2024
2024-01-27 06:00:00,26.623199462890625,12.0018310546875,1.4645140171051025,0.01657978631556034,1,2024
2024-01-27 16:00:00,21.835540771484375,11.845855712890625,1.2740339040756226,0.021687833592295647,1,2024
2024-01-28 02:00:00,16.369659423828125,12.0362548828125,1.2695485353469849,0.015739286318421364,1,2024
2024-01-28 12:00:00,28.168670654296875,10.708892822265625,0.4075620174407959,0.021186942234635353,1,2024
2024-01-28 22:00:00,18.406036376953125,12.33099365234375,0.5941425561904907,0.01941215991973877,1,2024
2024-01-29 08:00:00,29.1837158203125,11.315704345703125,0.10027064383029938,0.001847309758886695,1,2024
2024-01-29 18:00:00,20.643798828125,12.525787353515625,0.266644686460495,0.0026336736045777798,1,2024
2024-01-30 04:00:00,22.834320068359375,13.27764892578125,0.6772338151931763,0.00013342310558073223,1,2024
2024-01-30 14:00:00,25.053497314453125,12.8057861328125,0.17230047285556793,0.0007558707147836685,1,2024
2024-01-31 00:00:00,17.897552490234375,12.789520263671875,0.353693425655365,0.0004611145704984665,1,2024
2024-01-31 10:00:00,29.718048095703125,11.4971923828125,1.3856415748596191,0.009397914633154869,1,2024
2024-01-31 20:00:00,20.08514404296875,13.083892822265625,0.5048790574073792,0.011444611474871635,1,2024
2024-02-01 06:00:00,26.725982666015625,12.693389892578125,0.9886465072631836,0.010111486539244652,2,2024
2024-02-01 16:00:00,22.58709716796875,13.355224609375,0.6031928062438965,0.027926620095968246,2,2024
2024-02-02 02:00:00,18.0224609375,14.683837890625,0.5725412964820862,0.028073634952306747,2,2024
2024-02-02 12:00:00,28.277984619140625,12.236175537109375,0.7551040053367615,0.1264296919107437,2,2024
2024-02-02 22:00:00,19.3721923828125,13.926971435546875,1.2870956659317017,0.1358535885810852,2,2024
2024-02-03 08:00:00,29.967010498046875,12.720947265625,1.219005823135376,0.03200521320104599,2,2024
2024-02-03 18:00:00,22.105224609375,13.82037353515625,1.1639090776443481,0.045693833380937576,2,2024
2024-02-04 04:00:00,25.09912109375,14.2001953125,1.151122808456421,0.0023549837060272694,2,2024
2024-02-04 14:00:00,27.137969970703125,14.80963134765625,0.47033581137657166,0.006659914739429951,2,2024
2024-02-05 00:00:00,20.37176513671875,14.954193115234375,0.5999031066894531,0.004744179546833038,2,2024
2024-02-05 10:00:00,32.30950927734375,13.642425537109375,1.1368094682693481,0.002169828163459897,2,2024
2024-02-05 20:00:00,22.456756591796875,15.485137939453125,0.1805216670036316,0.004108835011720657,2,2024
2024-02-06 06:00:00,29.579864501953125,14.478668212890625,0.4847508668899536,0.0013794249389320612,2,2024
2024-02-06 16:00:00,25.33331298828125,15.228729248046875,0.7591762542724609,0.0044561997056007385,2,2024
2024-02-07 02:00:00,19.725433349609375,15.751007080078125,0.5574520230293274,0.0011210695374757051,2,2024
2024-02-07 12:00:00,30.81268310546875,13.138153076171875,1.3473352193832397,0.00556407542899251,2,2024
2024-02-07 22:00:00,20.97479248046875,13.14984130859375,1.4028685092926025,0.007195467595010996,2,2024
2024-02-08 08:00:00,29.966400146484375,12.347747802734375,1.5159220695495605,0.0002912814379669726,2,2024
2024-02-08 18:00:00,22.031646728515625,12.18951416015625,1.5456600189208984,0.0006629410781897604,2,2024
2024-02-09 04:00:00,23.77294921875,11.49676513671875,1.1927253007888794,0.0018605957739055157,2,2024
2024-02-09 14:00:00,26.45489501953125,11.85467529296875,0.9632057547569275,0.006660276558250189,2,2024
2024-02-10 00:00:00,19.161163330078125,12.235260009765625,0.9699827432632446,0.007316633127629757,2,2024
2024-02-10 10:00:00,31.20794677734375,12.66925048828125,0.7782331109046936,0.09322100132703781,2,2024
2024-02-10 20:00:00,21.336334228515625,14.13934326171875,0.6840801239013672,0.4498021900653839,2,2024
2024-02-11 06:00:00,28.046173095703125,14.565032958984375,1.352813959121704,0.0377548523247242,2,2024
2024-02-11 16:00:00,23.976409912109375,14.197998046875,0.4421441853046417,0.6033263802528381,2,2024
2024-02-12 02:00:00,19.065704345703125,14.853851318359375,1.2143131494522095,0.19061239063739777,2,2024
2024-02-12 12:00:00,30.02593994140625,11.594024658203125,0.9759191870689392,0.044707637280225754,2,2024
2024-02-12 22:00:00,20.17144775390625,13.46917724609375,0.7996023297309875,0.07726361602544785,2,2024
2024-02-13 08:00:00,30.68890380859375,11.230987548828125,1.5287226438522339,0.0020685058552771807,2,2024
2024-02-13 18:00:00,22.523162841796875,12.33355712890625,0.20373457670211792,0.0031030382961034775,2,2024
2024-02-14 04:00:00,24.1300048828125,13.921722412109375,0.41926389932632446,0.0015696958871558309,2,2024
2024-02-14 14:00:00,26.72406005859375,12.8709716796875,0.4774196147918701,0.020473100244998932,2,2024
2024-02-15 00:00:00,19.6190185546875,14.342041015625,1.0452773571014404,0.022765694186091423,2,2024
2024-02-15 10:00:00,31.558380126953125,11.29962158203125,1.2569820880889893,0.032410942018032074,2,2024
2024-02-15 20:00:00,22.170318603515625,13.353729248046875,1.5626838207244873,0.08067873865365982,2,2024
2024-02-16 06:00:00,29.225128173828125,11.581573486328125,1.9527857303619385,0.002547066193073988,2,2024
2024-02-16 16:00:00,24.81304931640625,11.958892822265625,1.3544001579284668,0.012144641019403934,2,2024
2024-02-17 02:00:00,19.486572265625,13.23822021484375,1.0743175745010376,0.0029959778767079115,2,2024
2024-02-17 12:00:00,31.130584716796875,9.929443359375,0.14945678412914276,0.0011282027699053288,2,2024
2024-02-17 22:00:00,20.8765869140625,11.633697509765625,0.774921715259552,0.0022202797699719667,2,2024
2024-02-18 08:00:00,32.7095947265625,8.615631103515625,1.3101682662963867,0.00020552518253680319,2,2024
2024-02-18 18:00:00,23.709442138671875,11.694244384765625,0.5879243612289429,0.0002833760518115014,2,2024
2024-02-19 04:00:00,26.190338134765625,11.747406005859375,1.1269428730010986,0.0005813526222482324,2,2024
2024-02-19 14:00:00,28.113525390625,10.2257080078125,0.6111775636672974,0.0015961835160851479,2,2024
2024-02-20 00:00:00,20.2528076171875,11.013153076171875,0.48594433069229126,0.001341647352091968,2,2024
2024-02-20 10:00:00,32.82421875,8.9556884765625,1.6226893663406372,0.00033261446515098214,2,2024
2024-02-20 20:00:00,22.417572021484375,11.5958251953125,1.144040584564209,0.0017982627032324672,2,2024
2024-02-21 06:00:00,29.3929443359375,10.547607421875,1.9250648021697998,0.002777969930320978,2,2024
2024-02-21 16:00:00,24.710357666015625,11.92218017578125,1.357586145401001,0.005293446127325296,2,2024
2024-02-22 02:00:00,19.42608642578125,14.694976806640625,1.3252915143966675,0.001843704143539071,2,2024
2024-02-22 12:00:00,30.014892578125,8.7896728515625,2.0429654121398926,0.0004937765770591795,2,2024
2024-02-22 22:00:00,19.802886962890625,11.879638671875,1.075626254081726,0.001833998947404325,2,2024
2024-02-23 08:00:00,30.04876708984375,9.177825927734375,0.9243698716163635,0.08778156340122223,2,2024
2024-02-23 18:00:00,21.93377685546875,10.70892333984375,0.9487670063972473,0.13682682812213898,2,2024
2024-02-24 04:00:00,24.521240234375,10.9957275390625,0.6137306094169617,0.04208841174840927,2,2024
2024-02-24 14:00:00,26.753875732421875,9.839752197265625,0.6150349378585815,0.14174935221672058,2,2024
2024-02-25 00:00:00,19.364288330078125,9.9324951171875,0.798469603061676,0.1287182718515396,2,2024
2024-02-25 10:00:00,31.367431640625,10.74627685546875,0.8220059871673584,0.12786024808883667,2,2024
2024-02-25 20:00:00,22.389923095703125,13.55035400390625,1.5972243547439575,0.2958371341228485,2,2024
2024-02-26 06:00:00,29.29486083984375,15.82354736328125,2.6976170539855957,0.053872883319854736,2,2024
2024-02-26 16:00:00,25.4951171875,16.695037841796875,1.4100472927093506,1.2027443647384644,2,2024
2024-02-27 02:00:00,21.49371337890625,17.679412841796875,1.546129584312439,0.5075833797454834,2,2024
2024-02-27 12:00:00,31.1234130859375,14.346405029296875,0.1896376758813858,0.5367177128791809,2,2024
2024-02-27 22:00:00,22.322540283203125,16.4019775390625,0.9288808703422546,0.7784802317619324,2,2024
2024-02-28 08:00:00,32.496307373046875,14.825408935546875,0.8021793961524963,0.012661648914217949,2,2024
2024-02-28 18:00:00,24.857391357421875,15.6884765625,1.1529254913330078,0.07611450552940369,2,2024
2024-02-29 04:00:00,27.394683837890625,14.7296142578125,1.4256867170333862,0.0036166831851005554,2,2024
2024-02-29 14:00:00,29.351531982421875,13.128814697265625,0.9297807812690735,0.002840061206370592,2,2024
2024-03-01 00:00:00,22.15582275390625,13.70208740234375,1.0417722463607788,0.001977192936465144,3,2024
2024-03-01 10:00:00,34.32977294921875,10.5517578125,0.9968251585960388,0.01426977850496769,3,2024
2024-03-01 20:00:00,24.23077392578125,13.9156494140625,0.7787008881568909,0.05338485911488533,3,2024
2024-03-02 06:00:00,31.272430419921875,12.732879638671875,1.8498376607894897,0.018822234123945236,3,2024
2024-03-02 16:00:00,26.178131103515625,14.4940185546875,0.8314396142959595,0.08430231362581253,3,2024
2024-03-03 02:00:00,21.478057861328125,15.780517578125,0.9078397750854492,0.0325125977396965,3,2024
2024-03-03 12:00:00,30.583404541015625,11.703521728515625,1.8214792013168335,0.027454234659671783,3,2024
2024-03-03 22:00:00,21.01800537109375,13.17095947265625,0.7851853370666504,0.027770034968852997,3,2024
2024-03-04 08:00:00,31.071990966796875,8.655731201171875,0.8713435530662537,0.0023161752615123987,3,2024
2024-03-04 18:00:00,22.901031494140625,9.549835205078125,1.1859880685806274,0.003700608154758811,3,2024
2024-03-05 04:00:00,25.378448486328125,9.653961181640625,1.0538177490234375,0.00040922241169027984,3,2024
2024-03-05 14:00:00,28.488555908203125,10.533111572265625,0.6164609789848328,0.0012004422023892403,3,2024
2024-03-06 00:00:00,20.714447021484375,11.96240234375,0.3078177273273468,0.0016269710613414645,3,2024
2024-03-06 10:00:00,34.001129150390625,8.830841064453125,1.7793023586273193,0.004785929340869188,3,2024
2024-03-06 20:00:00,23.075897216796875,9.9622802734375,0.7862489819526672,0.005393934436142445,3,2024
2024-03-07 06:00:00,30.90972900390625,8.233856201171875,0.7903708815574646,0.0007844084175303578,3,2024
2024-03-07 16:00:00,26.39404296875,9.5040283203125,1.2402509450912476,0.0015445653116330504,3,2024
2024-03-08 02:00:00,20.798095703125,11.4569091796875,1.0824542045593262,0.0003598534094635397,3,2024
2024-03-08 12:00:00,32.7408447265625,7.5640869140625,1.3663157224655151,0.0005955801461823285,3,2024
2024-03-08 22:00:00,22.102783203125,9.370819091796875,1.0524168014526367,0.00084292161045596,3,2024
2024-03-09 08:00:00,33.953369140625,8.8206787109375,0.1668531447649002,0.0007999343215487897,3,2024
2024-03-09 18:00:00,25.02947998046875,10.6453857421875,0.7212099432945251,0.0031553865410387516,3,2024
2024-03-10 04:00:00,27.708343505859375,12.32684326171875,1.0244587659835815,0.0028505607042461634,3,2024
2024-03-10 14:00:00,29.988006591796875,12.34234619140625,0.35205063223838806,0.009310763329267502,3,2024
2024-03-11 00:00:00,22.348907470703125,12.015106201171875,0.09032639116048813,0.006167290732264519,3,2024
2024-03-11 10:00:00,34.677032470703125,11.594635009765625,0.6300318837165833,0.0030803175177425146,3,2024
2024-03-11 20:00:00,25.12164306640625,12.934295654296875,0.38042980432510376,0.003361945506185293,3,2024
2024-03-12 06:00:00,32.911102294921875,12.233673095703125,0.5687713027000427,3.582465069484897e-05,3,2024
2024-03-12 16:00:00,28.424591064453125,12.83135986328125,0.7195966839790344,4.624651410267688e-05,3,2024
2024-03-13 02:00:00,23.2257080078125,14.312469482421875,0.9122713804244995,4.036836253362708e-05,3,2024
2024-03-13 12:00:00,33.83868408203125,9.18017578125,1.8534961938858032,0.0015223562950268388,3,2024
2024-03-13 22:00:00,23.109222412109375,11.340179443359375,0.9794899225234985,0.0021459513809531927,3,2024
2024-03-14 08:00:00,34.445648193359375,8.26446533203125,1.1350171566009521,0.0004232936189509928,3,2024
2024-03-14 18:00:00,25.06396484375,11.12994384765625,0.8582910895347595,0.0015183398500084877,3,2024
2024-03-15 04:00:00,28.2122802734375,10.431610107421875,0.3141445815563202,0.00013171302271075547,3,2024
2024-03-15 14:00:00,30.102142333984375,10.078155517578125,0.543388307094574,0.0011523350840434432,3,2024
2024-03-16 00:00:00,22.405242919921875,12.4949951171875,0.24185523390769958,0.0022626437712460756,3,2024
2024-03-16 10:00:00,34.516754150390625,11.11993408203125,0.9112003445625305,0.0937013179063797,3,2024
2024-03-16 20:00:00,24.54132080078125,14.01629638671875,0.2519635558128357,0.45131921768188477,3,2024
2024-03-17 06:00:00,32.114044189453125,13.549896240234375,0.8918203115463257,0.018470467999577522,3,2024
2024-03-17 16:00:00,26.747955322265625,15.0810546875,0.04940398037433624,0.8640207052230835,3,2024
2024-03-18 02:00:00,22.79046630859375,15.207763671875,0.03477263078093529,0.23937316238880157,3,2024
2024-03-18 12:00:00,32.511871337890625,11.833984375,0.9166609048843384,0.29996976256370544,3,2024
2024-03-18 22:00:00,23.250946044921875,14.4595947265625,0.3246953785419464,0.5069712996482849,3,2024
2024-03-19 08:00:00,33.7811279296875,10.28436279296875,0.8275570869445801,0.44195556640625,3,2024
2024-03-19 18:00:00,24.51165771484375,11.84381103515625,0.8492079973220825,1.9175893068313599,3,2024
2024-03-20 04:00:00,27.33349609375,12.85406494140625,1.3023706674575806,0.17540472745895386,3,2024
2024-03-20 14:00:00,28.764007568359375,9.12054443359375,0.8693667054176331,0.32197871804237366,3,2024
2024-03-21 00:00:00,20.87127685546875,12.416595458984375,1.6810675859451294,0.21634304523468018,3,2024
2024-03-21 10:00:00,34.0093994140625,8.705230712890625,0.7032235264778137,0.004450353793799877,3,2024
2024-03-21 20:00:00,23.863739013671875,12.23870849609375,0.6929917931556702,0.006319570820778608,3,2024
2024-03-22 06:00:00,32.620147705078125,11.625640869140625,0.6238648891448975,0.001334120286628604,3,2024
2024-03-22 16:00:00,27.6490478515625,12.513519287109375,0.22688515484333038,0.0036491567734628916,3,2024
2024-03-23 02:00:00,23.059539794921875,15.07818603515625,0.19941817224025726,0.0013420310569927096,3,2024
2024-03-23 12:00:00,34.6229248046875,9.834014892578125,0.6473577618598938,0.00448863860219717,3,2024
2024-03-23 22:00:00,24.3310546875,12.480621337890625,0.5745633244514465,0.00447769183665514,3,2024
2024-03-24 08:00:00,36.021697998046875,11.826171875,0.9240596294403076,0.0011100566480308771,3,2024
2024-03-24 18:00:00,27.388885498046875,14.13897705078125,0.4016168713569641,0.007473860401660204,3,2024
2024-03-25 04:00:00,30.3377685546875,13.69635009765625,0.3673534095287323,0.0009042418678291142,3,2024
2024-03-25 14:00:00,32.11590576171875,12.216400146484375,0.23636557161808014,0.005067210178822279,3,2024
2024-03-26 00:00:00,24.186004638671875,13.807647705078125,0.5199926495552063,0.0033267736434936523,3,2024
2024-03-26 10:00:00,37.213409423828125,10.22552490234375,0.7477294206619263,0.0014124063309282064,3,2024
2024-03-26 20:00:00,26.539886474609375,14.4005126953125,0.644037127494812,0.0022873457055538893,3,2024
2024-03-27 06:00:00,35.152374267578125,12.54180908203125,1.16645085811615,0.0003773475473280996,3,2024
2024-03-27 16:00:00,30.239654541015625,14.607818603515625,0.45458683371543884,0.004319716710597277,3,2024
2024-03-28 02:00:00,25.8350830078125,17.303009033203125,0.8779699206352234,0.001530025969259441,3,2024
2024-03-28 12:00:00,36.514251708984375,12.7431640625,0.7470584511756897,0.009884887374937534,3,2024
2024-03-28 22:00:00,26.73895263671875,15.694580078125,0.7548509240150452,0.011925064027309418,3,2024
2024-03-29 08:00:00,37.43475341796875,13.247894287109375,0.9047056436538696,0.019748268648982048,3,2024
2024-03-29 18:00:00,28.938446044921875,15.6978759765625,0.31251493096351624,0.06695953756570816,3,2024
2024-03-30 04:00:00,31.84844970703125,15.431976318359375,0.4522643983364105,0.004163319710642099,3,2024
2024-03-30 14:00:00,32.625579833984375,14.11651611328125,0.31911489367485046,0.2415422797203064,3,2024
2024-03-31 00:00:00,25.62432861328125,15.180145263671875,0.09691730886697769,0.16395218670368195,3,2024
2024-03-31 10:00:00,37.1793212890625,11.51324462890625,0.6635003089904785,0.022458776831626892,3,2024
2024-03-31 20:00:00,27.039093017578125,14.296661376953125,0.45236706733703613,0.02932468242943287,3,2024
2024-04-01 06:00:00,35.31646728515625,11.148651123046875,0.9876646995544434,0.0006337722879834473,4,2024
2024-04-01 16:00:00,30.185211181640625,12.804931640625,0.7292492985725403,0.0053342427127063274,4,2024
2024-04-02 02:00:00,25.509521484375,15.0604248046875,0.6073251366615295,0.0014235867420211434,4,2024
2024-04-02 12:00:00,36.711029052734375,10.78460693359375,1.1534667015075684,0.008652189746499062,4,2024
2024-04-02 22:00:00,25.977386474609375,13.841461181640625,0.48547792434692383,0.009388606064021587,4,2024
2024-04-03 08:00:00,37.691680908203125,11.0599365234375,0.9641507267951965,0.0011188493808731437,4,2024
2024-04-03 18:00:00,28.742340087890625,14.51171875,0.6715037822723389,0.0031348965130746365,4,2024
2024-04-04 04:00:00,32.110198974609375,13.386505126953125,0.7487622499465942,0.00031523092184215784,4,2024
2024-04-04 14:00:00,33.6737060546875,12.252685546875,0.8765414953231812,0.0014563993318006396,4,2024
2024-04-05 00:00:00,25.74749755859375,14.036346435546875,0.865904688835144,0.0013399687595665455,4,2024
2024-04-05 10:00:00,38.7291259765625,9.86785888671875,1.2440814971923828,0.002064196625724435,4,2024
2024-04-05 20:00:00,28.2314453125,12.614288330078125,1.0917850732803345,0.0035985701251775026,4,2024
2024-04-06 06:00:00,36.5531005859375,10.396881103515625,1.2321878671646118,1.783571315172594e-05,4,2024
2024-04-06 16:00:00,31.480682373046875,11.14715576171875,0.8038125038146973,0.0002565431350376457,4,2024
2024-04-07 02:00:00,27.35906982421875,13.17071533203125,0.74591463804245,0.004568363539874554,4,2024
2024-04-07 12:00:00,35.955810546875,9.60595703125,0.633651614189148,0.028890350833535194,4,2024
2024-04-07 22:00:00,26.054718017578125,11.4873046875,0.35462021827697754,0.051774825900793076,4,2024
2024-04-08 08:00:00,36.571197509765625,11.15289306640625,0.8027746677398682,0.03217113018035889,4,2024
2024-04-08 18:00:00,27.818695068359375,15.4945068359375,1.2933353185653687,0.19683517515659332,4,2024
2024-04-09 04:00:00,30.535400390625,16.54876708984375,2.076976776123047,0.017170852050185204,4,2024
2024-04-09 14:00:00,31.351318359375,15.283233642578125,0.7323643565177917,0.3455084264278412,4,2024
2024-04-10 00:00:00,24.715545654296875,17.772216796875,1.3133139610290527,0.4872317314147949,4,2024
2024-04-10 10:00:00,36.79241943359375,13.56011962890625,1.3794641494750977,0.12269207090139389,4,2024
2024-04-10 20:00:00,26.5958251953125,17.532501220703125,0.9816792607307434,0.654079258441925,4,2024
2024-04-11 06:00:00,33.143035888671875,15.825164794921875,1.8621529340744019,0.1578758805990219,4,2024
2024-04-11 16:00:00,28.294921875,17.471588134765625,1.0679079294204712,0.5898582935333252,4,2024
2024-04-12 02:00:00,25.7249755859375,18.995147705078125,1.971339225769043,0.20411087572574615,4,2024
2024-04-12 12:00:00,32.13348388671875,16.893951416015625,1.22915518283844,0.6791995167732239,4,2024
2024-04-12 22:00:00,25.4376220703125,18.180328369140625,1.0706515312194824,1.026788353919983,4,2024
2024-04-13 08:00:00,33.99884033203125,16.17449951171875,1.5599274635314941,0.11473991721868515,4,2024
2024-04-13 18:00:00,26.78271484375,18.823577880859375,0.7469290494918823,0.4760757088661194,4,2024
2024-04-14 04:00:00,30.81219482421875,17.700958251953125,0.6574914455413818,0.019739005714654922,4,2024
2024-04-14 14:00:00,31.9205322265625,17.360443115234375,0.13281208276748657,0.13331353664398193,4,2024
2024-04-15 00:00:00,25.840484619140625,18.077850341796875,0.44160211086273193,0.1037445217370987,4,2024
2024-04-15 10:00:00,37.756591796875,14.584136962890625,0.31078654527664185,0.04631541296839714,4,2024
2024-04-15 20:00:00,28.651275634765625,17.216156005859375,0.3515869975090027,0.10534355789422989,4,2024
2024-04-16 06:00:00,36.764739990234375,15.374481201171875,0.3912598192691803,0.007598815485835075,4,2024
2024-04-16 16:00:00,31.73272705078125,16.7601318359375,0.548227071762085,0.12419477850198746,4,2024
2024-04-17 02:00:00,28.7288818359375,18.680084228515625,0.1506490707397461,0.028765052556991577,4,2024
2024-04-17 12:00:00,37.087615966796875,14.651092529296875,0.9073122143745422,0.08431918174028397,4,2024
2024-04-17 22:00:00,28.0235595703125,17.6561279296875,1.0575237274169922,0.10321420431137085,4,2024
2024-04-18 08:00:00,39.16802978515625,13.01934814453125,0.8093037605285645,0.05383755639195442,4,2024
2024-04-18 18:00:00,30.4171142578125,16.444854736328125,0.8231527209281921,0.17576511204242706,4,2024
2024-04-19 04:00:00,34.048675537109375,15.41619873046875,0.9961110949516296,0.010409089736640453,4,2024
2024-04-19 14:00:00,33.5762939453125,16.23822021484375,1.0368868112564087,0.3491876423358917,4,2024
2024-04-20 00:00:00,27.5628662109375,17.101654052734375,1.08865225315094,0.274120032787323,4,2024
2024-04-20 10:00:00,36.539581298828125,15.66119384765625,1.608690857887268,0.4334440529346466,4,2024
2024-04-20 20:00:00,28.256134033203125,17.862213134765625,1.32538902759552,0.6374863386154175,4,2024
2024-04-21 06:00:00,35.721923828125,14.03363037109375,1.2228920459747314,0.01984449103474617,4,2024
2024-04-21 16:00:00,30.807403564453125,17.009796142578125,0.6707525253295898,0.3827257752418518,4,2024
2024-04-22 02:00:00,28.04986572265625,18.1917724609375,0.6651871204376221,0.15740914642810822,4,2024
2024-04-22 12:00:00,34.680755615234375,15.459686279296875,0.6917039155960083,0.40952953696250916,4,2024
2024-04-22 22:00:00,26.164947509765625,19.040985107421875,0.1914762258529663,0.49640312790870667,4,2024
2024-04-23 08:00:00,37.0859375,14.471649169921875,0.7672268748283386,0.05412241816520691,4,2024
2024-04-23 18:00:00,28.65960693359375,17.0596923828125,0.06585297733545303,0.2924879789352417,4,2024
2024-04-24 04:00:00,32.682342529296875,15.909210205078125,0.36483654379844666,0.017686350271105766,4,2024
2024-04-24 14:00:00,32.888671875,15.26666259765625,0.505771815776825,0.27928444743156433,4,2024
2024-04-25 00:00:00,26.263580322265625,16.996734619140625,0.5316773056983948,0.1873745620250702,4,2024
2024-04-25 10:00:00,38.44671630859375,13.17218017578125,0.44100043177604675,0.04831217601895332,4,2024
2024-04-25 20:00:00,28.79376220703125,16.42523193359375,0.27222341299057007,0.14805848896503448,4,2024
2024-04-26 06:00:00,37.179046630859375,14.2088623046875,0.5980980396270752,0.014716644771397114,4,2024
2024-04-26 16:00:00,31.600921630859375,16.034637451171875,0.2501410245895386,0.13542382419109344,4,2024
2024-04-27 02:00:00,28.785125732421875,18.006103515625,0.4348504841327667,0.03698217496275902,4,2024
2024-04-27 12:00:00,37.333160400390625,13.6243896484375,0.2753573954105377,0.08853927254676819,4,2024
2024-04-27 22:00:00,28.3953857421875,16.449676513671875,0.2645723819732666,0.10037443786859512,4,2024
2024-04-28 08:00:00,38.938232421875,13.615020751953125,0.370177686214447,0.015694214031100273,4,2024
2024-04-28 18:00:00,30.705230712890625,16.574432373046875,0.35374847054481506,0.07012582570314407,4,2024
2024-04-29 04:00:00,34.36968994140625,15.570068359375,0.669123649597168,0.010847006924450397,4,2024
2024-04-29 14:00:00,34.751617431640625,15.19671630859375,0.4501626789569855,0.30435243248939514,4,2024
2024-04-30 00:00:00,27.6170654296875,15.03411865234375,0.6719502210617065,0.19002214074134827,4,2024
2024-04-30 10:00:00,40.023651123046875,11.144989013671875,1.5671100616455078,0.004404408857226372,4,2024
2024-04-30 20:00:00,29.3099365234375,13.584136962890625,1.3264987468719482,0.007412211503833532,4,2024
2024-05-01 06:00:00,37.4383544921875,9.69305419921875,2.556058168411255,0.0005549340858124197,5,2024
2024-05-01 16:00:00,31.856231689453125,11.00775146484375,1.8560649156570435,0.0030424611177295446,5,2024
2024-05-02 02:00:00,27.627105712890625,11.6019287109375,1.4750224351882935,0.0006968420930206776,5,2024
2024-05-02 12:00:00,37.966461181640625,6.094268798828125,1.8281323909759521,0.007875432260334492,5,2024
2024-05-02 22:00:00,25.84100341796875,11.9320068359375,1.0900399684906006,0.010384275577962399,5,2024
2024-05-03 08:00:00,39.57171630859375,6.536102294921875,1.3793131113052368,0.0008295474690385163,5,2024
2024-05-03 18:00:00,29.052215576171875,11.655120849609375,0.8459194898605347,0.00972839631140232,5,2024
2024-05-04 04:00:00,33.64031982421875,12.592681884765625,1.0904074907302856,0.0007938255439512432,5,2024
2024-05-04 14:00:00,34.808990478515625,11.464202880859375,1.4782922267913818,0.17024707794189453,5,2024
2024-05-05 00:00:00,26.99951171875,16.322784423828125,1.3235398530960083,0.2159368395805359,5,2024
2024-05-05 10:00:00,39.806884765625,12.783905029296875,2.21008038520813,0.11522062867879868,5,2024
2024-05-05 20:00:00,29.54498291015625,17.38671875,1.3273946046829224,0.2650929093360901,5,2024
2024-05-06 06:00:00,37.427154541015625,15.84088134765625,1.8314818143844604,0.018119636923074722,5,2024
2024-05-06 16:00:00,31.978363037109375,15.906494140625,1.0863481760025024,0.5808504819869995,5,2024
2024-05-07 02:00:00,28.914642333984375,18.962066650390625,1.104926347732544,0.177134171128273,5,2024
2024-05-07 12:00:00,36.51239013671875,15.165252685546875,1.2730751037597656,0.39830803871154785,5,2024
2024-05-07 22:00:00,26.247467041015625,21.2275390625,0.9783065319061279,0.6070373058319092,5,2024
2024-05-08 08:00:00,37.33514404296875,16.478485107421875,0.873228132724762,0.10892458260059357,5,2024
2024-05-08 18:00:00,29.787933349609375,18.900543212890625,0.6653707027435303,0.21721655130386353,5,2024
2024-05-09 04:00:00,32.200347900390625,19.19317626953125,1.0889719724655151,0.06696227192878723,5,2024
2024-05-09 14:00:00,31.8328857421875,18.81512451171875,0.6295733451843262,0.8512462973594666,5,2024
2024-05-10 00:00:00,26.657379150390625,21.036102294921875,1.2368488311767578,0.54637211561203,5,2024
2024-05-10 10:00:00,35.966094970703125,18.408447265625,1.0458881855010986,0.5941677093505859,5,2024
2024-05-10 20:00:00,28.665924072265625,19.6876220703125,0.8340426683425903,1.1028456687927246,5,2024
2024-05-11 06:00:00,36.178802490234375,18.437408447265625,0.05624757334589958,0.031984347850084305,5,2024
2024-05-11 16:00:00,30.9873046875,19.4583740234375,0.29086044430732727,0.6078996062278748,5,2024
2024-05-12 02:00:00,28.74566650390625,20.75018310546875,0.7549628615379333,0.2089221179485321,5,2024
2024-05-12 12:00:00,34.34130859375,17.85211181640625,0.3328588306903839,0.6055285930633545,5,2024
2024-05-12 22:00:00,27.268341064453125,20.056243896484375,0.6492708325386047,1.0115432739257812,5,2024
2024-05-13 08:00:00,35.63848876953125,18.008056640625,0.3743332326412201,0.3303413987159729,5,2024
2024-05-13 18:00:00,28.725799560546875,20.295440673828125,0.06976646929979324,1.0616246461868286,5,2024
2024-05-14 04:00:00,33.1611328125,19.118560791015625,0.3039393126964569,0.05844420939683914,5,2024
2024-05-14 14:00:00,31.7503662109375,18.16314697265625,0.5497944951057434,0.9726163744926453,5,2024
2024-05-15 00:00:00,25.994903564453125,20.521514892578125,0.3729515075683594,1.023226022720337,5,2024
2024-05-15 10:00:00,34.7794189453125,17.786773681640625,1.0708011388778687,0.47301656007766724,5,2024
2024-05-15 20:00:00,28.32513427734375,19.837554931640625,0.4915775954723358,0.8025678396224976,5,2024
2024-05-16 06:00:00,35.305389404296875,18.63958740234375,0.5827517509460449,0.26943695545196533,5,2024
2024-05-16 16:00:00,29.330078125,20.568267822265625,0.6684750318527222,2.351001501083374,5,2024
2024-05-17 02:00:00,27.01141357421875,21.778533935546875,0.46677473187446594,1.2598369121551514,5,2024
2024-05-17 12:00:00,31.974761962890625,19.30426025390625,0.7527586221694946,2.4861865043640137,5,2024
2024-05-17 22:00:00,26.74163818359375,21.450897216796875,0.8303394317626953,2.828193426132202,5,2024
2024-05-18 08:00:00,35.53765869140625,19.553253173828125,0.2643675208091736,0.4500328004360199,5,2024
2024-05-18 18:00:00,28.483184814453125,21.74554443359375,1.1781882047653198,1.95671808719635,5,2024
2024-05-19 04:00:00,31.76495361328125,21.3939208984375,0.878350019454956,0.23609648644924164,5,2024
2024-05-19 14:00:00,32.4688720703125,20.161529541015625,0.5779302716255188,1.1606507301330566,5,2024
2024-05-20 00:00:00,26.983734130859375,21.418426513671875,1.3019626140594482,1.4302668571472168,5,2024
2024-05-20 10:00:00,36.43536376953125,19.685882568359375,0.40641969442367554,0.6746228337287903,5,2024
2024-05-20 20:00:00,29.100494384765625,21.315826416015625,1.0096900463104248,1.4534275531768799,5,2024
2024-05-21 06:00:00,36.784271240234375,19.682281494140625,0.3123844861984253,0.06896670907735825,5,2024
2024-05-21 16:00:00,31.4078369140625,21.27203369140625,0.7286248803138733,0.7412649989128113,5,2024
2024-05-22 02:00:00,29.9847412109375,21.654937744140625,0.46072593331336975,0.22038789093494415,5,2024
2024-05-22 12:00:00,36.125640869140625,19.184173583984375,0.35563600063323975,0.6809617280960083,5,2024
2024-05-22 22:00:00,29.060821533203125,22.093963623046875,0.8355650901794434,1.5459566116333008,5,2024
2024-05-23 08:00:00,38.42987060546875,19.24468994140625,0.9895846247673035,0.19725027680397034,5,2024
2024-05-23 18:00:00,30.332672119140625,20.88409423828125,1.1943788528442383,1.5901226997375488,5,2024
2024-05-24 04:00:00,34.074951171875,19.765228271484375,1.6779738664627075,0.06798578053712845,5,2024
2024-05-24 14:00:00,34.09857177734375,18.8538818359375,1.6704565286636353,0.2884897291660309,5,2024
2024-05-25 00:00:00,28.441253662109375,20.468719482421875,1.9173662662506104,0.22377057373523712,5,2024
2024-05-25 10:00:00,37.0711669921875,18.200439453125,2.236412525177002,0.1173061653971672,5,2024
2024-05-25 20:00:00,29.3577880859375,21.201568603515625,2.427104949951172,0.16532942652702332,5,2024
2024-05-26 06:00:00,36.4705810546875,20.096099853515625,3.6063077449798584,0.027621129527688026,5,2024
2024-05-26 16:00:00,31.99884033203125,19.847625732421875,2.7978873252868652,0.23409390449523926,5,2024
2024-05-27 02:00:00,29.5152587890625,21.36224365234375,3.6246790885925293,0.07534513622522354,5,2024
2024-05-27 12:00:00,36.757659912109375,18.97119140625,3.6277647018432617,0.08010247349739075,5,2024
2024-05-27 22:00:00,28.562103271484375,21.0892333984375,3.7658822536468506,0.1407603770494461,5,2024
2024-05-28 08:00:00,37.73077392578125,18.90325927734375,4.378629207611084,0.020666364580392838,5,2024
2024-05-28 18:00:00,30.378143310546875,19.747802734375,3.1952013969421387,0.025104016065597534,5,2024
2024-05-29 04:00:00,31.84027099609375,20.297576904296875,3.9328362941741943,0.0185086689889431,5,2024
2024-05-29 14:00:00,34.176239013671875,18.629547119140625,2.913303852081299,0.030153561383485794,5,2024
2024-05-30 00:00:00,27.57000732421875,20.370513916015625,2.934824228286743,0.03202153369784355,5,2024
2024-05-30 10:00:00,39.110809326171875,16.691070556640625,2.8855159282684326,0.013631271198391914,5,2024
2024-05-30 20:00:00,29.79913330078125,19.565155029296875,2.6522250175476074,0.03927271440625191,5,2024
2024-05-31 06:00:00,36.550567626953125,18.651519775390625,2.9938483238220215,0.02144022285938263,5,2024
2024-05-31 16:00:00,32.78326416015625,18.477752685546875,2.142293691635132,0.05477285012602806,5,2024
2024-06-01 02:00:00,29.477569580078125,20.8619384765625,2.081421136856079,0.025825513526797295,6,2024
2024-06-01 12:00:00,37.0306396484375,17.61614990234375,1.69664466381073,0.13403956592082977,6,2024
2024-06-01 22:00:00,28.983551025390625,21.2000732421875,1.5695008039474487,0.8752133846282959,6,2024
2024-06-02 08:00:00,36.306060791015625,19.15911865234375,1.3607689142227173,0.21980232000350952,6,2024
2024-06-02 18:00:00,29.6083984375,21.23028564453125,1.3239737749099731,1.017998456954956,6,2024
2024-06-03 04:00:00,32.11163330078125,20.881988525390625,1.6341891288757324,0.12294543534517288,6,2024
2024-06-03 14:00:00,31.37921142578125,20.881378173828125,1.6086649894714355,1.1973432302474976,6,2024
2024-06-04 00:00:00,27.56768798828125,21.842193603515625,1.5658847093582153,0.8440501093864441,6,2024
2024-06-04 10:00:00,34.12481689453125,21.336639404296875,1.7155051231384277,1.9730559587478638,6,2024
2024-06-04 20:00:00,27.66351318359375,22.068695068359375,1.6762572526931763,4.910827159881592,6,2024
2024-06-05 06:00:00,33.134185791015625,21.211883544921875,1.8922938108444214,0.3339424729347229,6,2024
2024-06-05 16:00:00,29.24566650390625,22.64752197265625,1.6691107749938965,2.6126255989074707,6,2024
2024-06-06 02:00:00,27.175506591796875,23.089996337890625,1.7045890092849731,1.4322365522384644,6,2024
2024-06-06 12:00:00,32.98443603515625,21.432098388671875,0.9960854649543762,2.4900565147399902,6,2024
2024-06-06 22:00:00,26.419921875,23.064453125,1.6403900384902954,6.211495399475098,6,2024
2024-06-07 08:00:00,33.458648681640625,21.587554931640625,0.9708573818206787,1.5388630628585815,6,2024
2024-06-07 18:00:00,27.8743896484375,22.926849365234375,1.5617018938064575,4.032545566558838,6,2024
2024-06-08 04:00:00,29.292755126953125,22.732421875,1.4445796012878418,0.7178444266319275,6,2024
2024-06-08 14:00:00,29.38311767578125,22.151947021484375,1.1250779628753662,4.055551528930664,6,2024
2024-06-09 00:00:00,25.9661865234375,22.566375732421875,1.314998745918274,5.51106071472168,6,2024
2024-06-09 10:00:00,32.3118896484375,21.719635009765625,1.225969910621643,4.490471839904785,6,2024
2024-06-09 20:00:00,26.3023681640625,22.862152099609375,1.7323890924453735,11.270941734313965,6,2024
2024-06-10 06:00:00,30.8359375,22.41845703125,1.9311729669570923,3.0550904273986816,6,2024
2024-06-10 16:00:00,27.736907958984375,22.540252685546875,2.0718750953674316,6.657757759094238,6,2024
2024-06-11 02:00:00,26.3212890625,22.819549560546875,2.4271464347839355,3.5326433181762695,6,2024
2024-06-11 12:00:00,30.47314453125,21.89544677734375,2.271592617034912,5.846987724304199,6,2024
2024-06-11 22:00:00,25.97235107421875,22.4345703125,2.5153913497924805,8.675522804260254,6,2024
2024-06-12 08:00:00,31.6593017578125,21.82257080078125,2.757391929626465,1.8980523347854614,6,2024
2024-06-12 18:00:00,26.958984375,22.611419677734375,2.3974289894104004,4.084359169006348,6,2024
2024-06-13 04:00:00,29.469329833984375,22.161407470703125,3.057738780975342,0.3710395395755768,6,2024
2024-06-13 14:00:00,28.533416748046875,22.831817626953125,2.3151774406433105,3.5663466453552246,6,2024
2024-06-14 00:00:00,25.639495849609375,22.651519775390625,2.5053303241729736,3.1588382720947266,6,2024
2024-06-14 10:00:00,31.74725341796875,22.182220458984375,2.647463083267212,1.8323830366134644,6,2024
2024-06-14 20:00:00,26.270904541015625,22.78814697265625,2.2571325302124023,3.5580711364746094,6,2024
2024-06-15 06:00:00,31.303558349609375,22.30328369140625,2.8212828636169434,0.34016522765159607,6,2024
2024-06-15 16:00:00,27.8560791015625,22.754180908203125,2.1045796871185303,2.295511245727539,6,2024
2024-06-16 02:00:00,27.093292236328125,22.475311279296875,2.3003792762756348,0.5878044962882996,6,2024
2024-06-16 12:00:00,31.006683349609375,22.63409423828125,1.6424710750579834,1.9355274438858032,6,2024
2024-06-16 22:00:00,26.198150634765625,23.216522216796875,1.7719732522964478,3.7442100048065186,6,2024
2024-06-17 08:00:00,33.201690673828125,22.538909912109375,1.9968198537826538,0.797002911567688,6,2024
2024-06-17 18:00:00,27.268829345703125,23.365966796875,2.0320897102355957,3.4106950759887695,6,2024
2024-06-18 04:00:00,29.37579345703125,22.967376708984375,2.7359471321105957,0.3087281882762909,6,2024
2024-06-18 14:00:00,28.75054931640625,23.19952392578125,2.434117317199707,2.131610631942749,6,2024
2024-06-19 00:00:00,25.526458740234375,22.70941162109375,2.5059969425201416,1.842473030090332,6,2024
2024-06-19 10:00:00,30.51885986328125,22.031036376953125,3.1983447074890137,1.5526108741760254,6,2024
2024-06-19 20:00:00,26.4208984375,22.345977783203125,2.5769762992858887,2.890624761581421,6,2024
2024-06-20 06:00:00,30.1170654296875,22.207489013671875,3.562527656555176,1.0415741205215454,6,2024
2024-06-20 16:00:00,26.52294921875,23.03704833984375,2.4160115718841553,4.878429412841797,6,2024
2024-06-21 02:00:00,25.93115234375,22.8133544921875,2.9038045406341553,1.6664189100265503,6,2024
2024-06-21 12:00:00,29.8277587890625,22.70428466796875,2.70713472366333,1.8805805444717407,6,2024
2024-06-21 22:00:00,25.347900390625,23.224273681640625,2.1171414852142334,5.114123821258545,6,2024
2024-06-22 08:00:00,29.43572998046875,22.885101318359375,2.4302055835723877,3.2047932147979736,6,2024
2024-06-22 18:00:00,25.57598876953125,23.492218017578125,1.5522419214248657,7.829524517059326,6,2024
2024-06-23 04:00:00,26.4708251953125,23.39678955078125,1.7673556804656982,2.4774179458618164,6,2024
2024-06-23 14:00:00,27.06591796875,23.409454345703125,1.307580828666687,7.049034118652344,6,2024
2024-06-24 00:00:00,24.55645751953125,23.1644287109375,1.6399421691894531,7.36956787109375,6,2024
2024-06-24 10:00:00,30.44952392578125,22.86639404296875,2.14471173286438,3.9194176197052,6,2024
2024-06-24 20:00:00,25.916412353515625,23.04736328125,1.960392713546753,6.568382263183594,6,2024
2024-06-25 06:00:00,29.670745849609375,22.9599609375,2.8378875255584717,1.7168506383895874,6,2024
2024-06-25 16:00:00,27.08367919921875,23.664886474609375,2.1282436847686768,4.783019065856934,6,2024
2024-06-26 02:00:00,26.452239990234375,23.167236328125,2.3612098693847656,1.525727391242981,6,2024
2024-06-26 12:00:00,29.334320068359375,23.474700927734375,2.3924500942230225,2.8691813945770264,6,2024
2024-06-26 22:00:00,25.6650390625,23.4254150390625,2.180525779724121,5.936290264129639,6,2024
2024-06-27 08:00:00,28.177154541015625,23.480560302734375,3.0610883235931396,2.9137463569641113,6,2024
2024-06-27 18:00:00,25.12457275390625,23.126953125,2.8572497367858887,8.879386901855469,6,2024
2024-06-28 04:00:00,26.23773193359375,23.04840087890625,3.1616530418395996,1.9501621723175049,6,2024
2024-06-28 14:00:00,26.20062255859375,23.21722412109375,2.762220859527588,5.471939563751221,6,2024
2024-06-29 00:00:00,25.039459228515625,22.88348388671875,2.750749111175537,4.145963191986084,6,2024
2024-06-29 10:00:00,28.921112060546875,23.20562744140625,3.2082109451293945,1.8808623552322388,6,2024
2024-06-29 20:00:00,25.100982666015625,23.33050537109375,2.428436279296875,3.8805360794067383,6,2024
2024-06-30 06:00:00,28.3463134765625,23.112060546875,3.671591281890869,1.6870697736740112,6,2024
2024-06-30 16:00:00,25.34771728515625,23.497711181640625,2.996872901916504,8.821399688720703,6,2024
2024-07-01 02:00:00,24.714569091796875,22.856292724609375,3.756868839263916,4.184375286102295,7,2024
2024-07-01 12:00:00,27.7510986328125,22.745330810546875,3.718740940093994,3.8346126079559326,7,2024
2024-07-01 22:00:00,24.971923828125,22.085784912109375,3.821530818939209,5.672403812408447,7,2024
2024-07-02 08:00:00,28.78955078125,22.5059814453125,4.714369773864746,3.533086061477661,7,2024
2024-07-02 18:00:00,25.5479736328125,22.6402587890625,3.1381468772888184,5.792232513427734,7,2024
2024-07-03 04:00:00,27.06878662109375,22.761566162109375,4.112002849578857,0.6662184596061707,7,2024
2024-07-03 14:00:00,27.05908203125,22.939697265625,2.940338611602783,1.5470225811004639,7,2024
2024-07-04 00:00:00,25.066009521484375,22.4510498046875,3.1039037704467773,1.671884298324585,7,2024
2024-07-04 10:00:00,28.548248291015625,23.08746337890625,3.4074604511260986,1.8453614711761475,7,2024
2024-07-04 20:00:00,25.318572998046875,22.810821533203125,2.8347201347351074,4.023159503936768,7,2024
2024-07-05 06:00:00,28.448028564453125,22.804229736328125,4.205877304077148,1.6863890886306763,7,2024
2024-07-05 16:00:00,26.00396728515625,23.05206298828125,2.8710360527038574,4.584506034851074,7,2024
2024-07-06 02:00:00,25.046112060546875,22.812225341796875,3.7801361083984375,1.6172860860824585,7,2024
2024-07-06 12:00:00,26.98291015625,23.306854248046875,3.2977311611175537,3.4496748447418213,7,2024
2024-07-06 22:00:00,24.29498291015625,22.9586181640625,2.612560749053955,6.296932220458984,7,2024
2024-07-07 08:00:00,27.878997802734375,23.096038818359375,3.04142427444458,3.5885515213012695,7,2024
2024-07-07 18:00:00,24.7254638671875,23.295013427734375,1.951711893081665,8.67547607421875,7,2024
2024-07-08 04:00:00,26.18035888671875,23.191253662109375,1.9454103708267212,2.128467559814453,7,2024
2024-07-08 14:00:00,25.8692626953125,23.585296630859375,1.5574532747268677,8.736948013305664,7,2024
2024-07-09 00:00:00,24.101959228515625,23.00567626953125,1.562245488166809,8.720641136169434,7,2024
2024-07-09 10:00:00,27.394256591796875,23.387542724609375,1.9394147396087646,5.969178676605225,7,2024
2024-07-09 20:00:00,24.152069091796875,22.438385009765625,2.076103925704956,9.959961891174316,7,2024
2024-07-10 06:00:00,27.808319091796875,22.6053466796875,2.80230975151062,0.9767700433731079,7,2024
2024-07-10 16:00:00,25.819000244140625,22.940155029296875,2.1833319664001465,3.184481143951416,7,2024
2024-07-11 02:00:00,24.99530029296875,22.7440185546875,2.8003265857696533,1.0718814134597778,7,2024
2024-07-11 12:00:00,27.83203125,22.963592529296875,2.8282158374786377,3.263700246810913,7,2024
2024-07-11 22:00:00,24.753662109375,22.57940673828125,2.618718147277832,4.5636396408081055,7,2024
2024-07-12 08:00:00,28.30267333984375,23.104400634765625,3.6513872146606445,2.3083810806274414,7,2024
2024-07-12 18:00:00,24.860504150390625,23.175628662109375,2.772275924682617,6.991219997406006,7,2024
2024-07-13 04:00:00,25.24090576171875,23.07818603515625,3.509096145629883,2.4016458988189697,7,2024
2024-07-13 14:00:00,25.33648681640625,23.17218017578125,3.3320119380950928,9.432504653930664,7,2024
2024-07-14 00:00:00,23.940338134765625,22.619537353515625,3.229074001312256,10.159891128540039,7,2024
2024-07-14 10:00:00,26.93621826171875,23.587615966796875,2.827406406402588,9.593802452087402,7,2024
2024-07-14 20:00:00,24.232635498046875,23.302032470703125,2.414668083190918,18.99588966369629,7,2024
2024-07-15 06:00:00,25.986053466796875,23.8602294921875,2.2699286937713623,5.4474873542785645,7,2024
2024-07-15 16:00:00,24.65460205078125,23.5703125,2.1089718341827393,15.759485244750977,7,2024
2024-07-16 02:00:00,24.1763916015625,23.267333984375,2.306450366973877,6.651084899902344,7,2024
2024-07-16 12:00:00,26.837066650390625,23.514739990234375,2.4663612842559814,7.683074951171875,7,2024
2024-07-16 22:00:00,24.078399658203125,22.705657958984375,2.3728089332580566,11.130620002746582,7,2024
2024-07-17 08:00:00,26.699981689453125,23.03271484375,3.313298463821411,5.797220230102539,7,2024
2024-07-17 18:00:00,24.447967529296875,23.013885498046875,2.8328895568847656,13.474873542785645,7,2024
2024-07-18 04:00:00,25.13897705078125,23.323211669921875,3.004768133163452,2.9332587718963623,7,2024
2024-07-18 14:00:00,25.27093505859375,23.3553466796875,3.19521427154541,9.941767692565918,7,2024
2024-07-19 00:00:00,24.134765625,22.701995849609375,3.078855514526367,11.570555686950684,7,2024
2024-07-19 10:00:00,26.539459228515625,23.47369384765625,3.5811572074890137,10.964518547058105,7,2024
2024-07-19 20:00:00,24.079986572265625,22.402923583984375,3.2232136726379395,18.632568359375,7,2024
2024-07-20 06:00:00,25.870147705078125,23.23468017578125,3.5831620693206787,7.240275859832764,7,2024
2024-07-20 16:00:00,24.34490966796875,22.66412353515625,3.6013705730438232,19.102428436279297,7,2024
2024-07-21 02:00:00,23.97528076171875,22.709320068359375,3.2577896118164062,8.894015312194824,7,2024
2024-07-21 12:00:00,25.63836669921875,23.52252197265625,3.5765023231506348,13.727055549621582,7,2024
2024-07-21 22:00:00,23.84552001953125,22.73223876953125,3.5260889530181885,21.942352294921875,7,2024
2024-07-22 08:00:00,26.4752197265625,23.2540283203125,4.424747943878174,10.42886734008789,7,2024
2024-07-22 18:00:00,24.757415771484375,22.3851318359375,4.21195650100708,17.936948776245117,7,2024
2024-07-23 04:00:00,24.734893798828125,22.718414306640625,4.311401844024658,4.772642612457275,7,2024
2024-07-23 14:00:00,24.544769287109375,22.69024658203125,4.350306987762451,14.307938575744629,7,2024
2024-07-24 00:00:00,23.689849853515625,22.03594970703125,4.199120044708252,14.169272422790527,7,2024
2024-07-24 10:00:00,25.175048828125,22.864471435546875,4.6802077293396,12.860756874084473,7,2024
2024-07-24 20:00:00,23.77239990234375,22.282928466796875,4.20820426940918,21.888193130493164,7,2024
2024-07-25 06:00:00,25.258056640625,22.478515625,4.6452250480651855,5.867877006530762,7,2024
2024-07-25 16:00:00,24.0517578125,21.697601318359375,4.311249256134033,12.804306030273438,7,2024
2024-07-26 02:00:00,23.829833984375,22.047760009765625,4.1326518058776855,4.809835433959961,7,2024
2024-07-26 12:00:00,25.442657470703125,22.798980712890625,4.217931747436523,7.2262678146362305,7,2024
2024-07-26 22:00:00,23.866546630859375,21.970733642578125,4.154657363891602,10.839620590209961,7,2024
2024-07-27 08:00:00,25.78533935546875,22.724273681640625,4.692084789276123,6.109734058380127,7,2024
2024-07-27 18:00:00,24.17205810546875,22.112762451171875,3.918257713317871,14.095534324645996,7,2024
2024-07-28 04:00:00,24.705841064453125,22.554962158203125,4.131229877471924,4.358614921569824,7,2024
2024-07-28 14:00:00,25.0277099609375,22.589508056640625,3.466217279434204,12.008264541625977,7,2024
2024-07-29 00:00:00,23.91864013671875,22.21923828125,3.218902826309204,10.420170783996582,7,2024
2024-07-29 10:00:00,26.657440185546875,23.040924072265625,3.4161057472229004,5.333522796630859,7,2024
2024-07-29 20:00:00,24.42730712890625,22.7613525390625,2.419114351272583,8.768756866455078,7,2024
2024-07-30 06:00:00,27.9373779296875,23.118682861328125,3.6363182067871094,1.2787035703659058,7,2024
2024-07-30 16:00:00,25.57440185546875,23.05511474609375,2.7128217220306396,4.201632022857666,7,2024
2024-07-31 02:00:00,24.56890869140625,22.847259521484375,3.051633834838867,1.4300382137298584,7,2024
2024-07-31 12:00:00,26.761474609375,23.3565673828125,2.9317734241485596,2.9740402698516846,7,2024
2024-07-31 22:00:00,24.192779541015625,22.577606201171875,2.9862875938415527,6.755685329437256,7,2024
2024-08-01 08:00:00,26.430999755859375,22.837371826171875,3.7515525817871094,4.298033714294434,8,2024
2024-08-01 18:00:00,24.142974853515625,22.473114013671875,3.3825268745422363,8.737076759338379,8,2024
2024-08-02 04:00:00,24.868988037109375,22.429840087890625,4.380919456481934,2.840453624725342,8,2024
2024-08-02 14:00:00,24.4798583984375,22.47528076171875,3.579284429550171,7.5677595138549805,8,2024
2024-08-03 00:00:00,23.52081298828125,21.66448974609375,3.699565887451172,8.215239524841309,8,2024
2024-08-03 10:00:00,26.166412353515625,22.59149169921875,3.9902212619781494,7.679286003112793,8,2024
2024-08-03 20:00:00,24.017425537109375,22.2159423828125,3.439155101776123,14.539740562438965,8,2024
2024-08-04 06:00:00,26.091094970703125,22.40191650390625,4.255284786224365,4.9287800788879395,8,2024
2024-08-04 16:00:00,24.47613525390625,22.48651123046875,2.9518544673919678,10.945795059204102,8,2024
2024-08-05 02:00:00,24.035247802734375,22.292144775390625,3.2023227214813232,3.105783224105835,8,2024
2024-08-05 12:00:00,27.277069091796875,22.763519287109375,2.7958621978759766,1.9372237920761108,8,2024
2024-08-05 22:00:00,24.138336181640625,22.259521484375,2.5001442432403564,2.8051645755767822,8,2024
2024-08-06 08:00:00,27.8729248046875,22.43072509765625,3.4486403465270996,1.6117995977401733,8,2024
2024-08-06 18:00:00,24.35260009765625,22.70611572265625,2.304009199142456,4.3445587158203125,8,2024
2024-08-07 04:00:00,24.70794677734375,22.700286865234375,2.8169138431549072,1.8933202028274536,8,2024
2024-08-07 14:00:00,24.690643310546875,22.692047119140625,2.4384803771972656,6.15341329574585,8,2024
2024-08-08 00:00:00,23.231781005859375,21.995452880859375,2.4401092529296875,5.638815879821777,8,2024
2024-08-08 10:00:00,27.0093994140625,22.398284912109375,2.7837398052215576,2.5389201641082764,8,2024
2024-08-08 20:00:00,23.743743896484375,22.102783203125,2.0195486545562744,4.175174713134766,8,2024
2024-08-09 06:00:00,27.13592529296875,22.6251220703125,2.779919147491455,0.9793228507041931,8,2024
2024-08-09 16:00:00,24.89630126953125,22.645111083984375,1.8824304342269897,3.271700859069824,8,2024
2024-08-10 02:00:00,24.0078125,22.30023193359375,2.3283281326293945,1.2316949367523193,8,2024
2024-08-10 12:00:00,27.237396240234375,22.584869384765625,2.509753942489624,2.7834255695343018,8,2024
2024-08-10 22:00:00,23.711639404296875,22.16754150390625,1.926522970199585,3.860142707824707,8,2024
2024-08-11 08:00:00,28.0809326171875,22.3980712890625,3.183825969696045,1.4503990411758423,8,2024
2024-08-11 18:00:00,24.435821533203125,22.405517578125,1.492864966392517,2.271702766418457,8,2024
2024-08-12 04:00:00,26.351531982421875,22.53363037109375,2.219675064086914,0.3385581970214844,8,2024
2024-08-12 14:00:00,26.7613525390625,23.0045166015625,1.6803719997406006,1.0946600437164307,8,2024
2024-08-13 00:00:00,23.73687744140625,22.378631591796875,1.409012794494629,0.7839021682739258,8,2024
2024-08-13 10:00:00,29.6866455078125,22.841766357421875,1.636582851409912,0.6580726504325867,8,2024
2024-08-13 20:00:00,25.1248779296875,23.17913818359375,0.9034945368766785,1.0332739353179932,8,2024
2024-08-14 06:00:00,29.075164794921875,23.3094482421875,1.2197471857070923,0.5081385970115662,8,2024
2024-08-14 16:00:00,26.201385498046875,23.875244140625,0.7137489914894104,1.984552025794983,8,2024
2024-08-15 02:00:00,24.896484375,23.341400146484375,1.0434340238571167,0.8102275729179382,8,2024
2024-08-15 12:00:00,28.38702392578125,23.41796875,1.2042242288589478,1.8809672594070435,8,2024
2024-08-15 22:00:00,24.50360107421875,23.3651123046875,0.8159244060516357,2.4389593601226807,8,2024
2024-08-16 08:00:00,29.335205078125,23.319427490234375,1.2433983087539673,1.3865766525268555,8,2024
2024-08-16 18:00:00,25.1231689453125,23.74200439453125,0.6322115063667297,4.23271369934082,8,2024
2024-08-17 04:00:00,26.66705322265625,23.302093505859375,0.45610207319259644,0.9236240386962891,8,2024
2024-08-17 14:00:00,26.556610107421875,23.752532958984375,0.6536327004432678,3.4192559719085693,8,2024
2024-08-18 00:00:00,23.986785888671875,23.20068359375,0.5326785445213318,2.8007493019104004,8,2024
2024-08-18 10:00:00,30.0001220703125,23.535369873046875,0.48584505915641785,1.1947389841079712,8,2024
2024-08-18 20:00:00,24.971405029296875,23.756744384765625,0.5536823272705078,3.3879690170288086,8,2024
2024-08-19 06:00:00,29.383331298828125,24.09881591796875,0.6523969173431396,0.9614909887313843,8,2024
2024-08-19 16:00:00,25.892730712890625,24.296630859375,0.6939318776130676,7.929081916809082,8,2024
2024-08-20 02:00:00,24.588714599609375,23.596405029296875,0.4713338613510132,3.377657890319824,8,2024
2024-08-20 12:00:00,28.138153076171875,23.5887451171875,0.4162828326225281,4.35776948928833,8,2024
2024-08-20 22:00:00,24.27337646484375,23.511199951171875,0.2850005626678467,6.680909633636475,8,2024
2024-08-21 08:00:00,30.233428955078125,23.611297607421875,1.0350110530853271,0.7345236539840698,8,2024
2024-08-21 18:00:00,25.553436279296875,24.059478759765625,0.8185962438583374,3.429006576538086,8,2024
2024-08-22 04:00:00,27.599151611328125,23.49853515625,1.592301607131958,0.36360833048820496,8,2024
2024-08-22 14:00:00,26.577239990234375,23.716796875,1.5534334182739258,4.277417182922363,8,2024
2024-08-23 00:00:00,24.11077880859375,22.7530517578125,1.9217400550842285,5.221540451049805,8,2024
2024-08-23 10:00:00,28.2117919921875,23.0191650390625,2.6464405059814453,3.8550527095794678,8,2024
2024-08-23 20:00:00,24.4512939453125,22.9281005859375,2.1974434852600098,11.52626895904541,8,2024
2024-08-24 06:00:00,26.088897705078125,23.037628173828125,3.4176292419433594,5.646152973175049,8,2024
2024-08-24 16:00:00,23.848297119140625,22.542449951171875,3.4053282737731934,16.552392959594727,8,2024
2024-08-25 02:00:00,23.200286865234375,21.89093017578125,3.7295725345611572,7.521986484527588,8,2024
2024-08-25 12:00:00,25.034332275390625,22.231964111328125,3.8042542934417725,12.292008399963379,8,2024
2024-08-25 22:00:00,23.613372802734375,21.675445556640625,3.715266466140747,17.068161010742188,8,2024
2024-08-26 08:00:00,27.157562255859375,21.858795166015625,4.56223201751709,4.394623279571533,8,2024
2024-08-26 18:00:00,24.391204833984375,21.714324951171875,3.044536590576172,9.720474243164062,8,2024
2024-08-27 04:00:00,25.9976806640625,21.749755859375,3.8729615211486816,1.4684593677520752,8,2024
2024-08-27 14:00:00,25.927215576171875,21.858612060546875,2.8214101791381836,2.9197030067443848,8,2024
2024-08-28 00:00:00,23.54913330078125,21.455810546875,2.777850389480591,2.4448928833007812,8,2024
2024-08-28 10:00:00,28.077728271484375,22.2520751953125,3.4161975383758545,2.068652868270874,8,2024
2024-08-28 20:00:00,24.288665771484375,21.640655517578125,2.4247467517852783,3.2745306491851807,8,2024
2024-08-29 06:00:00,27.790374755859375,21.94195556640625,3.1016483306884766,0.5713502764701843,8,2024
2024-08-29 16:00:00,24.763885498046875,22.641387939453125,1.686279535293579,3.1220264434814453,8,2024
2024-08-30 02:00:00,23.95440673828125,22.440185546875,1.6505730152130127,1.3554255962371826,8,2024
2024-08-30 12:00:00,26.534088134765625,22.85565185546875,2.1534695625305176,4.590531349182129,8,2024
2024-08-30 22:00:00,23.567352294921875,22.200531005859375,2.0781466960906982,8.084059715270996,8,2024
2024-08-31 08:00:00,26.77545166015625,22.7454833984375,2.9765357971191406,4.522216320037842,8,2024
2024-08-31 18:00:00,24.124755859375,22.54766845703125,2.704434394836426,12.66810131072998,8,2024
2024-09-01 04:00:00,24.4378662109375,22.545196533203125,2.991800308227539,7.474555969238281,9,2024
2024-09-01 14:00:00,24.416168212890625,22.33123779296875,2.7529447078704834,20.01490020751953,9,2024
2024-09-02 00:00:00,23.392578125,22.029876708984375,2.281925678253174,19.60941505432129,9,2024
2024-09-02 10:00:00,25.61090087890625,22.90325927734375,1.861584186553955,9.603738784790039,9,2024
2024-09-02 20:00:00,23.579864501953125,22.3719482421875,1.7237412929534912,15.997771263122559,9,2024
2024-09-03 06:00:00,26.133392333984375,22.38604736328125,2.5452091693878174,2.9959585666656494,9,2024
2024-09-03 16:00:00,24.405609130859375,22.599700927734375,2.1164915561676025,5.612948417663574,9,2024
2024-09-04 02:00:00,23.893035888671875,22.442169189453125,2.8096046447753906,1.8300949335098267,9,2024
2024-09-04 12:00:00,25.987945556640625,22.611724853515625,2.9687557220458984,3.592061758041382,9,2024
2024-09-04 22:00:00,23.52203369140625,22.196014404296875,2.398930549621582,6.4625420570373535,9,2024
2024-09-05 08:00:00,27.879119873046875,22.705291748046875,3.329286575317383,2.208026170730591,9,2024
2024-09-05 18:00:00,24.4312744140625,22.5308837890625,2.2928099632263184,4.64625358581543,9,2024
2024-09-06 04:00:00,25.730133056640625,22.79949951171875,2.8683619499206543,1.0529478788375854,9,2024
2024-09-06 14:00:00,25.26312255859375,22.80865478515625,2.376722812652588,5.276025772094727,9,2024
2024-09-07 00:00:00,23.37841796875,22.266571044921875,2.3489255905151367,4.2204718589782715,9,2024
2024-09-07 10:00:00,27.3807373046875,23.13226318359375,2.64799427986145,3.0975255966186523,9,2024
2024-09-07 20:00:00,23.83551025390625,22.5384521484375,2.350313186645508,6.2462897300720215,9,2024
2024-09-08 06:00:00,26.424530029296875,22.663818359375,3.116816282272339,1.7674609422683716,9,2024
2024-09-08 16:00:00,24.70819091796875,22.48504638671875,2.4564754962921143,4.476771831512451,9,2024
2024-09-09 02:00:00,23.731842041015625,22.27520751953125,2.910522222518921,2.2560057640075684,9,2024
2024-09-09 12:00:00,25.855194091796875,22.729644775390625,2.915040969848633,6.054929733276367,9,2024
2024-09-09 22:00:00,23.53497314453125,22.10552978515625,2.700371503829956,8.726859092712402,9,2024
2024-09-10 08:00:00,26.7923583984375,22.69842529296875,3.7622718811035156,4.39418363571167,9,2024
2024-09-10 18:00:00,24.19793701171875,22.1689453125,2.833932399749756,7.976072788238525,9,2024
2024-09-11 04:00:00,25.4700927734375,21.694580078125,3.9701762199401855,1.654678463935852,9,2024
2024-09-11 14:00:00,25.595184326171875,21.94024658203125,2.687281608581543,2.962458610534668,9,2024
2024-09-12 00:00:00,23.396484375,21.29803466796875,2.9884064197540283,1.9983530044555664,9,2024
2024-09-12 10:00:00,28.432525634765625,21.483306884765625,3.4846537113189697,0.6735877990722656,9,2024
2024-09-12 20:00:00,23.63232421875,21.1689453125,2.3192591667175293,0.9025081396102905,9,2024
2024-09-13 06:00:00,27.55474853515625,21.01934814453125,3.60721755027771,0.2702571451663971,9,2024
2024-09-13 16:00:00,24.22344970703125,20.86431884765625,1.9281247854232788,0.7073896527290344,9,2024
2024-09-14 02:00:00,22.88604736328125,20.713531494140625,2.3683674335479736,0.23120340704917908,9,2024
2024-09-14 12:00:00,27.191009521484375,20.62579345703125,2.5808966159820557,0.5265248417854309,9,2024
2024-09-14 22:00:00,22.542388916015625,20.341522216796875,2.1042120456695557,0.6582269072532654,9,2024
2024-09-15 08:00:00,28.1824951171875,21.009063720703125,3.3990156650543213,0.5162834525108337,9,2024
2024-09-15 18:00:00,23.547698974609375,20.913116455078125,2.1508500576019287,0.891749918460846,9,2024
2024-09-16 04:00:00,25.593048095703125,20.934051513671875,3.0421226024627686,0.15875419974327087,9,2024
2024-09-16 14:00:00,25.4747314453125,20.733001708984375,2.2915689945220947,0.58585524559021,9,2024
2024-09-17 00:00:00,22.59710693359375,20.147125244140625,2.343931198120117,0.4635286331176758,9,2024
2024-09-17 10:00:00,28.24139404296875,20.560577392578125,3.123548746109009,0.402702659368515,9,2024
2024-09-17 20:00:00,23.313262939453125,20.19427490234375,2.1078577041625977,0.5335142016410828,9,2024
2024-09-18 06:00:00,28.011627197265625,20.5142822265625,2.6618545055389404,0.09860999137163162,9,2024
2024-09-18 16:00:00,24.38934326171875,21.084686279296875,1.4533952474594116,0.37608572840690613,9,2024
2024-09-19 02:00:00,23.524078369140625,21.393218994140625,1.4538596868515015,0.11619995534420013,9,2024
2024-09-19 12:00:00,28.241668701171875,21.65008544921875,1.6033134460449219,0.37283381819725037,9,2024
2024-09-19 22:00:00,23.439605712890625,21.5970458984375,1.448208212852478,0.44590577483177185,9,2024
2024-09-20 08:00:00,30.043060302734375,22.453338623046875,1.9742412567138672,0.47657036781311035,9,2024
2024-09-20 18:00:00,24.582916259765625,22.649810791015625,1.2452800273895264,2.238936185836792,9,2024
2024-09-21 04:00:00,26.121673583984375,22.616424560546875,1.720964789390564,1.6006979942321777,9,2024
2024-09-21 14:00:00,25.978118896484375,22.9398193359375,1.3841547966003418,5.07929801940918,9,2024
2024-09-22 00:00:00,23.428375244140625,22.30517578125,1.5230885744094849,3.9005930423736572,9,2024
2024-09-22 10:00:00,29.324798583984375,23.28021240234375,1.7139719724655151,1.2352899312973022,9,2024
2024-09-22 20:00:00,24.51239013671875,23.235137939453125,1.263885498046875,3.7070722579956055,9,2024
2024-09-23 06:00:00,28.699981689453125,24.118499755859375,1.7757195234298706,1.1243422031402588,9,2024
2024-09-23 16:00:00,25.345458984375,23.958251953125,0.7687358856201172,6.781493186950684,9,2024
2024-09-24 02:00:00,24.580596923828125,23.572509765625,1.0110294818878174,2.8225653171539307,9,2024
2024-09-24 12:00:00,26.67181396484375,23.859039306640625,0.8244417309761047,7.045340061187744,9,2024
2024-09-24 22:00:00,23.866973876953125,23.302703857421875,0.8939183354377747,13.944931983947754,9,2024
2024-09-25 08:00:00,26.641693115234375,23.625152587890625,1.2553155422210693,5.817768096923828,9,2024
2024-09-25 18:00:00,24.196197509765625,23.160552978515625,1.2779864072799683,14.646422386169434,9,2024
2024-09-26 04:00:00,25.279449462890625,22.955902099609375,1.7075587511062622,2.7091665267944336,9,2024
2024-09-26 14:00:00,24.995574951171875,22.617279052734375,1.784133791923523,8.342385292053223,9,2024
2024-09-27 00:00:00,23.550872802734375,22.250274658203125,2.2189090251922607,7.669964790344238,9,2024
2024-09-27 10:00:00,27.56439208984375,22.54046630859375,2.7455832958221436,3.7675273418426514,9,2024
2024-09-27 20:00:00,24.114349365234375,22.154266357421875,2.156426191329956,7.472751617431641,9,2024
2024-09-28 06:00:00,27.508697509765625,22.271942138671875,2.9166154861450195,2.943166732788086,9,2024
2024-09-28 16:00:00,25.009002685546875,22.82513427734375,1.2540991306304932,4.542886257171631,9,2024
2024-09-29 02:00:00,24.068817138671875,22.534637451171875,1.2672759294509888,1.2772337198257446,9,2024
2024-09-29 12:00:00,27.77239990234375,22.929718017578125,1.0229628086090088,1.3356926441192627,9,2024
2024-09-29 22:00:00,23.595428466796875,22.703582763671875,0.759279727935791,1.6703951358795166,9,2024
2024-09-30 08:00:00,29.935302734375,23.16998291015625,1.0389755964279175,0.4291030168533325,9,2024
2024-09-30 18:00:00,24.678497314453125,23.321868896484375,0.6466386318206787,1.340518832206726,9,2024
2024-10-01 04:00:00,27.861785888671875,23.451812744140625,0.6057100892066956,0.10286708176136017,10,2024
2024-10-01 14:00:00,27.221588134765625,23.82586669921875,0.5409791469573975,0.9425007700920105,10,2024
2024-10-02 00:00:00,23.65667724609375,22.665924072265625,0.8336086869239807,0.9019208550453186,10,2024
2024-10-02 10:00:00,30.8751220703125,23.363677978515625,1.6399543285369873,0.9041370153427124,10,2024
2024-10-02 20:00:00,24.91455078125,23.2633056640625,1.6353334188461304,2.6420176029205322,10,2024
2024-10-03 06:00:00,29.871337890625,23.604339599609375,2.277897834777832,0.18958093225955963,10,2024
2024-10-03 16:00:00,25.811798095703125,22.96636962890625,1.6590399742126465,1.1101750135421753,10,2024
2024-10-04 02:00:00,24.385101318359375,22.571746826171875,1.6957643032073975,0.2740288972854614,10,2024
2024-10-04 12:00:00,28.429443359375,22.662384033203125,1.5519347190856934,0.4167964458465576,10,2024
2024-10-04 22:00:00,23.575347900390625,22.1583251953125,1.285058617591858,0.5108484029769897,10,2024
2024-10-05 08:00:00,29.961944580078125,22.138671875,1.1596482992172241,0.22503244876861572,10,2024
2024-10-05 18:00:00,24.21185302734375,22.3944091796875,0.6558012366294861,0.9293122887611389,10,2024
2024-10-06 04:00:00,27.44635009765625,22.55242919921875,1.1963526010513306,0.1131880059838295,10,2024
2024-10-06 14:00:00,26.611785888671875,22.49249267578125,0.9951481223106384,0.7743791341781616,10,2024
2024-10-07 00:00:00,22.95233154296875,21.24041748046875,0.961899995803833,0.5718150734901428,10,2024
2024-10-07 10:00:00,30.555694580078125,20.578582763671875,1.4489816427230835,0.3885602653026581,10,2024
2024-10-07 20:00:00,23.937164306640625,21.347198486328125,0.8120423555374146,0.6932259798049927,10,2024
2024-10-08 06:00:00,29.55975341796875,21.6524658203125,1.3726686239242554,0.20326101779937744,10,2024
2024-10-08 16:00:00,25.284332275390625,22.427337646484375,0.8249055743217468,2.106245994567871,10,2024
2024-10-09 02:00:00,24.22869873046875,22.483856201171875,1.2777338027954102,0.7660123109817505,10,2024
2024-10-09 12:00:00,27.100860595703125,22.538787841796875,0.8001943826675415,3.0476531982421875,10,2024
2024-10-09 22:00:00,23.602996826171875,22.1705322265625,0.990056574344635,3.9304425716400146,10,2024
2024-10-10 08:00:00,29.410430908203125,22.598876953125,1.6980106830596924,1.017364263534546,10,2024
2024-10-10 18:00:00,24.1748046875,22.67193603515625,1.1536418199539185,4.236156940460205,10,2024
2024-10-11 04:00:00,26.33526611328125,22.53472900390625,2.330825090408325,0.5424719452857971,10,2024
2024-10-11 14:00:00,25.331298828125,23.14447021484375,0.9506646990776062,4.693962574005127,10,2024
2024-10-12 00:00:00,22.9515380859375,22.217071533203125,1.2946285009384155,4.381387710571289,10,2024
2024-10-12 10:00:00,28.580718994140625,23.0145263671875,1.4666345119476318,2.2288577556610107,10,2024
2024-10-12 20:00:00,24.07000732421875,22.550567626953125,1.069178819656372,5.759369850158691,10,2024
2024-10-13 06:00:00,28.937347412109375,22.917327880859375,1.7642747163772583,0.3379877507686615,10,2024
2024-10-13 16:00:00,24.82940673828125,23.16290283203125,0.650023341178894,3.894508123397827,10,2024
2024-10-14 02:00:00,24.065338134765625,22.82061767578125,0.8910735249519348,1.2731118202209473,10,2024
2024-10-14 12:00:00,27.700653076171875,23.23101806640625,0.9075482487678528,1.4348117113113403,10,2024
2024-10-14 22:00:00,23.652679443359375,22.527008056640625,0.5203341245651245,3.3084287643432617,10,2024
2024-10-15 08:00:00,29.2921142578125,22.687469482421875,1.1062123775482178,1.390387773513794,10,2024
2024-10-15 18:00:00,24.424530029296875,23.0120849609375,0.4810991585254669,2.992370843887329,10,2024
2024-10-16 04:00:00,27.244171142578125,23.07977294921875,1.2621808052062988,0.42071184515953064,10,2024
2024-10-16 14:00:00,26.09002685546875,23.363372802734375,0.7586800456047058,2.8165321350097656,10,2024
2024-10-17 00:00:00,23.53668212890625,22.267303466796875,1.2536733150482178,3.0911476612091064,10,2024
2024-10-17 10:00:00,28.747894287109375,22.82427978515625,1.6603224277496338,2.293236017227173,10,2024
2024-10-17 20:00:00,24.446441650390625,22.7713623046875,1.2996779680252075,6.059537887573242,10,2024
2024-10-18 06:00:00,28.647430419921875,23.3739013671875,1.9799386262893677,0.6625378131866455,10,2024
2024-10-18 16:00:00,24.85748291015625,23.1080322265625,0.6456351280212402,3.3638553619384766,10,2024
2024-10-19 02:00:00,24.084625244140625,22.903167724609375,0.8289943337440491,1.0712236166000366,10,2024
2024-10-19 12:00:00,26.91094970703125,23.079559326171875,0.5172950029373169,3.3764710426330566,10,2024
2024-10-19 22:00:00,23.158416748046875,22.529876708984375,0.22008690237998962,8.004155158996582,10,2024
2024-10-20 08:00:00,28.209808349609375,22.362701416015625,1.2039998769760132,1.8512167930603027,10,2024
2024-10-20 18:00:00,23.471221923828125,22.24139404296875,0.6935709714889526,5.1652984619140625,10,2024
2024-10-21 04:00:00,26.02264404296875,22.22955322265625,0.9182762503623962,0.35879024863243103,10,2024
2024-10-21 14:00:00,25.326995849609375,22.534515380859375,0.6073023676872253,2.610302686691284,10,2024
2024-10-22 00:00:00,22.358856201171875,21.59124755859375,0.37924647331237793,2.616283655166626,10,2024
2024-10-22 10:00:00,29.219085693359375,21.47076416015625,0.8791324496269226,0.6027834415435791,10,2024
2024-10-22 20:00:00,23.194915771484375,21.516357421875,0.3420429825782776,1.6355606317520142,10,2024
2024-10-23 06:00:00,29.121856689453125,21.07940673828125,1.6047877073287964,0.04956390708684921,10,2024
2024-10-23 16:00:00,24.431488037109375,20.675506591796875,1.0239137411117554,0.24313199520111084,10,2024
2024-10-24 02:00:00,22.30810546875,19.95733642578125,1.098767638206482,0.0641518384218216,10,2024
2024-10-24 12:00:00,27.54974365234375,19.399261474609375,1.5810834169387817,0.057074904441833496,10,2024
2024-10-24 22:00:00,21.351715087890625,18.275787353515625,1.2922419309616089,0.07436029613018036,10,2024
2024-10-25 08:00:00,29.622589111328125,17.557159423828125,2.2322475910186768,0.020723819732666016,10,2024
2024-10-25 18:00:00,22.43511962890625,18.33099365234375,1.252988338470459,0.055225614458322525,10,2024
2024-10-26 04:00:00,26.285430908203125,19.29901123046875,1.7142997980117798,0.004227573983371258,10,2024
2024-10-26 14:00:00,25.17437744140625,19.214141845703125,1.3621931076049805,0.013472125865519047,10,2024
2024-10-27 00:00:00,20.449615478515625,17.86773681640625,1.1957303285598755,0.008212902583181858,10,2024
2024-10-27 10:00:00,30.086883544921875,17.558135986328125,1.838900089263916,0.01219375804066658,10,2024
2024-10-27 20:00:00,22.33831787109375,19.12542724609375,0.5336807370185852,0.02532261610031128,10,2024
2024-10-28 06:00:00,29.099334716796875,19.507110595703125,0.37985482811927795,0.029389945790171623,10,2024
2024-10-28 16:00:00,24.386322021484375,20.119781494140625,0.13273121416568756,0.1467464715242386,10,2024
2024-10-29 02:00:00,22.72406005859375,20.43682861328125,0.2948233187198639,0.040991440415382385,10,2024
2024-10-29 12:00:00,28.415283203125,20.82586669921875,0.5846421718597412,0.15423214435577393,10,2024
2024-10-29 22:00:00,22.62738037109375,20.258575439453125,0.19267913699150085,0.17151740193367004,10,2024
2024-10-30 08:00:00,30.176025390625,20.033416748046875,0.7439191937446594,0.36377209424972534,10,2024
2024-10-30 18:00:00,23.795166015625,20.650054931640625,0.5590825080871582,1.6390011310577393,10,2024
2024-10-31 04:00:00,27.14825439453125,20.782867431640625,1.0843427181243896,0.12346338480710983,10,2024
2024-10-31 14:00:00,26.05804443359375,20.88385009765625,0.6294016242027283,1.0394315719604492,10,2024
2024-11-01 00:00:00,22.123748779296875,19.8187255859375,0.4739975929260254,0.8339179158210754,11,2024
2024-11-01 10:00:00,30.398773193359375,19.14801025390625,1.0921127796173096,0.47455283999443054,11,2024
2024-11-01 20:00:00,23.04815673828125,19.83685302734375,0.3058919608592987,0.8139623999595642,11,2024
2024-11-02 06:00:00,29.81231689453125,19.086456298828125,1.2429065704345703,0.06092485412955284,11,2024
2024-11-02 16:00:00,24.79119873046875,19.363250732421875,0.7120128273963928,0.21057520806789398,11,2024
2024-11-03 02:00:00,22.555908203125,19.661956787109375,0.9209601879119873,0.05937860161066055,11,2024
2024-11-03 12:00:00,28.280029296875,19.007232666015625,0.9599709510803223,0.07542315125465393,11,2024
2024-11-03 22:00:00,21.799285888671875,18.691619873046875,0.5657332539558411,0.07694392651319504,11,2024
2024-11-04 08:00:00,29.788299560546875,16.67889404296875,1.1438994407653809,0.06470480561256409,11,2024
2024-11-04 18:00:00,22.874114990234375,17.896636962890625,0.5067914128303528,0.0775061696767807,11,2024
2024-11-05 04:00:00,26.633209228515625,18.55322265625,0.792267918586731,0.004752678796648979,11,2024
2024-11-05 14:00:00,25.42962646484375,17.5694580078125,0.8420131802558899,0.004522449336946011,11,2024
2024-11-06 00:00:00,20.330841064453125,16.67864990234375,0.8476729989051819,0.0032969252206385136,11,2024
2024-11-06 10:00:00,30.24468994140625,15.212890625,1.6846083402633667,0.0011934168869629502,11,2024
2024-11-06 20:00:00,21.53717041015625,16.90350341796875,1.1616181135177612,0.00153922860044986,11,2024
2024-11-07 06:00:00,28.894134521484375,16.399200439453125,1.3197294473648071,0.002985211554914713,11,2024
2024-11-07 16:00:00,23.498931884765625,16.969268798828125,0.9509357213973999,0.004872444551438093,11,2024
2024-11-08 02:00:00,21.0806884765625,17.685699462890625,0.9998803734779358,0.003970463294535875,11,2024
2024-11-08 12:00:00,27.927703857421875,17.1187744140625,0.9989623427391052,0.027790572494268417,11,2024
2024-11-08 22:00:00,21.034210205078125,17.208984375,0.7797461748123169,0.0262382160872221,11,2024
2024-11-09 08:00:00,29.3626708984375,15.796539306640625,1.3309037685394287,0.02124187722802162,11,2024
2024-11-09 18:00:00,22.518524169921875,16.8616943359375,0.9377312064170837,0.030382614582777023,11,2024
2024-11-10 04:00:00,26.196807861328125,17.3134765625,1.2836272716522217,0.009461699984967709,11,2024
2024-11-10 14:00:00,25.040374755859375,16.15667724609375,1.2678437232971191,0.014216356910765171,11,2024
2024-11-11 00:00:00,20.045928955078125,15.877410888671875,1.236541748046875,0.008980716578662395,11,2024
2024-11-11 10:00:00,29.52581787109375,14.04693603515625,1.787109613418579,0.010522250086069107,11,2024
2024-11-11 20:00:00,20.97381591796875,15.911834716796875,1.3435735702514648,0.051035378128290176,11,2024
2024-11-12 06:00:00,28.433929443359375,15.7884521484375,2.0388267040252686,0.06081409379839897,11,2024
2024-11-12 16:00:00,23.1671142578125,16.402008056640625,1.2153762578964233,0.1900889277458191,11,2024
2024-11-13 02:00:00,20.493804931640625,16.571563720703125,1.6697230339050293,0.056583210825920105,11,2024
2024-11-13 12:00:00,27.49176025390625,16.490325927734375,1.4781608581542969,0.2519499361515045,11,2024
2024-11-13 22:00:00,20.459625244140625,16.13470458984375,1.4827443361282349,0.28969621658325195,11,2024
2024-11-14 08:00:00,29.190338134765625,16.498931884765625,1.7104045152664185,0.15953999757766724,11,2024
2024-11-14 18:00:00,22.382415771484375,17.052215576171875,1.2142945528030396,0.5196399092674255,11,2024
2024-11-15 04:00:00,25.70654296875,17.187225341796875,1.5217580795288086,0.05259834975004196,11,2024
2024-11-15 14:00:00,25.0977783203125,17.31512451171875,0.9148597121238708,0.31005024909973145,11,2024
2024-11-16 00:00:00,20.124603271484375,16.6551513671875,1.1793149709701538,0.21014244854450226,11,2024
2024-11-16 10:00:00,29.3721923828125,14.7451171875,1.4273734092712402,0.02242450974881649,11,2024
2024-11-16 20:00:00,21.100494384765625,15.472381591796875,1.2557491064071655,0.02538328804075718,11,2024
2024-11-17 06:00:00,28.1387939453125,13.981170654296875,2.1540656089782715,0.014544445089995861,11,2024
2024-11-17 16:00:00,22.446868896484375,14.2742919921875,1.402306079864502,0.023852912709116936,11,2024
2024-11-18 02:00:00,18.763275146484375,14.579986572265625,1.504855751991272,0.009175186976790428,11,2024
2024-11-18 12:00:00,26.5333251953125,13.000946044921875,1.7668589353561401,0.01541465800255537,11,2024
2024-11-18 22:00:00,18.2562255859375,13.90985107421875,0.9971709251403809,0.014843281358480453,11,2024
2024-11-19 08:00:00,27.822418212890625,12.643218994140625,1.3732995986938477,0.004668476991355419,11,2024
2024-11-19 18:00:00,19.849639892578125,13.54656982421875,1.4046261310577393,0.005203772336244583,11,2024
2024-11-20 04:00:00,23.692291259765625,13.848388671875,1.660786747932434,0.00026774188154377043,11,2024
2024-11-20 14:00:00,23.082550048828125,13.45208740234375,1.0670968294143677,0.00014537600509356707,11,2024
2024-11-21 00:00:00,16.99908447265625,13.28948974609375,1.181739091873169,8.733513095648959e-05,11,2024
2024-11-21 10:00:00,27.785369873046875,12.2269287109375,0.862055778503418,0.0007039488409645855,11,2024
2024-11-21 20:00:00,18.475128173828125,13.84423828125,1.0130242109298706,0.0015296433120965958,11,2024
2024-11-22 06:00:00,26.59637451171875,13.04833984375,1.2806504964828491,0.00015697271737735718,11,2024
2024-11-22 16:00:00,20.760406494140625,13.4515380859375,1.1514219045639038,0.00038050219882279634,11,2024
2024-11-23 02:00:00,17.2978515625,14.084686279296875,0.8994148373603821,0.00011526545858941972,11,2024
2024-11-23 12:00:00,26.112091064453125,13.50701904296875,0.8719314336776733,0.0005476322257891297,11,2024
2024-11-23 22:00:00,17.595703125,13.959075927734375,1.1055597066879272,0.0008744862861931324,11,2024
2024-11-24 08:00:00,27.591400146484375,12.85107421875,1.1530566215515137,0.00040829123463481665,11,2024
2024-11-24 18:00:00,19.434173583984375,13.2423095703125,1.4032670259475708,0.00042421085527166724,11,2024
2024-11-25 04:00:00,23.03399658203125,13.519439697265625,1.89706552028656,7.796128193149343e-05,11,2024
2024-11-25 14:00:00,22.453704833984375,11.888031005859375,1.6687463521957397,0.0008003274560905993,11,2024
2024-11-26 00:00:00,16.28863525390625,11.7232666015625,1.4365419149398804,0.000676821859087795,11,2024
2024-11-26 10:00:00,27.670013427734375,10.436676025390625,1.8428395986557007,0.0005773187731392682,11,2024
2024-11-26 20:00:00,18.213714599609375,11.638916015625,1.6276603937149048,0.0009307514410465956,11,2024
2024-11-27 06:00:00,26.29705810546875,10.944549560546875,2.212878704071045,2.5756669401744148e-06,11,2024
2024-11-27 16:00:00,20.43939208984375,10.33441162109375,1.8909083604812622,0.0,11,2024
2024-11-28 02:00:00,16.32098388671875,10.40521240234375,2.1594245433807373,5.156073967782504e-08,11,2024
2024-11-28 12:00:00,25.052886962890625,8.743927001953125,2.3478777408599854,0.0008433340699411929,11,2024
2024-11-28 22:00:00,16.8922119140625,9.549835205078125,2.0480093955993652,0.003919503185898066,11,2024
2024-11-29 08:00:00,27.099212646484375,11.0137939453125,2.299511432647705,0.006932026706635952,11,2024
2024-11-29 18:00:00,19.67059326171875,11.809906005859375,2.0017035007476807,0.03095812350511551,11,2024
2024-11-30 04:00:00,22.4124755859375,13.05950927734375,2.221665620803833,0.014861303381621838,11,2024
2024-11-30 14:00:00,23.340484619140625,15.60516357421875,1.913482904434204,0.5716261863708496,11,2024
2024-12-01 00:00:00,19.3126220703125,15.20758056640625,1.9664185047149658,0.7114813327789307,12,2024
2024-12-01 10:00:00,27.299072265625,17.2578125,2.1197285652160645,0.2658592164516449,12,2024
2024-12-01 20:00:00,21.65673828125,17.757659912109375,1.8911644220352173,0.8437714576721191,12,2024
2024-12-02 06:00:00,25.960052490234375,18.70233154296875,2.537142753601074,0.16688697040081024,12,2024
2024-12-02 16:00:00,23.8443603515625,18.892242431640625,2.0764904022216797,0.6420458555221558,12,2024
2024-12-03 02:00:00,21.976409912109375,18.955596923828125,2.206681728363037,0.30083078145980835,12,2024
2024-12-03 12:00:00,26.72674560546875,20.07904052734375,1.6394137144088745,0.5172263979911804,12,2024
2024-12-03 22:00:00,22.312774658203125,19.611175537109375,1.5984444618225098,0.5452466607093811,12,2024
2024-12-04 08:00:00,28.669097900390625,19.82000732421875,1.4555399417877197,0.23567022383213043,12,2024
2024-12-04 18:00:00,23.08184814453125,20.039031982421875,1.045262098312378,0.6371221542358398,12,2024
2024-12-05 04:00:00,25.437744140625,19.470703125,1.2941418886184692,0.10048578679561615,12,2024
2024-12-05 14:00:00,25.444091796875,20.089508056640625,0.6727417707443237,0.8120509386062622,12,2024
2024-12-06 00:00:00,21.36614990234375,19.5810546875,0.3908720016479492,0.618525505065918,12,2024
2024-12-06 10:00:00,29.123779296875,19.22344970703125,0.48739299178123474,0.3101257383823395,12,2024
2024-12-06 20:00:00,22.273956298828125,19.662506103515625,0.18317122757434845,0.6475478410720825,12,2024
2024-12-07 06:00:00,27.614349365234375,18.918487548828125,0.4981302320957184,0.1340307891368866,12,2024
2024-12-07 16:00:00,23.122772216796875,17.860626220703125,0.20033153891563416,0.675722599029541,12,2024
2024-12-08 02:00:00,20.04522705078125,17.732818603515625,0.3673289120197296,0.19096338748931885,12,2024
2024-12-08 12:00:00,26.552093505859375,15.7078857421875,0.686316967010498,0.2973233163356781,12,2024
2024-12-08 22:00:00,19.26458740234375,15.061431884765625,0.5107620358467102,0.3998156785964966,12,2024
2024-12-09 08:00:00,27.334014892578125,12.47119140625,1.0293705463409424,0.11500111222267151,12,2024
2024-12-09 18:00:00,19.609375,11.56805419921875,1.644107699394226,0.18798838555812836,12,2024
2024-12-10 04:00:00,21.66680908203125,10.916748046875,2.053206443786621,0.029893353581428528,12,2024
2024-12-10 14:00:00,22.401641845703125,12.256591796875,1.6266735792160034,0.08740051835775375,12,2024
2024-12-11 00:00:00,16.250946044921875,10.948638916015625,1.6852257251739502,0.057000674307346344,12,2024
2024-12-11 10:00:00,27.07745361328125,11.174957275390625,1.196338415145874,0.006332013756036758,12,2024
2024-12-11 20:00:00,17.561431884765625,11.79107666015625,1.5328553915023804,0.01420109998434782,12,2024
2024-12-12 06:00:00,25.248321533203125,11.4525146484375,0.9901716113090515,0.008490869775414467,12,2024
2024-12-12 16:00:00,20.23553466796875,11.752593994140625,1.5248548984527588,0.04346819594502449,12,2024
2024-12-13 02:00:00,16.091827392578125,10.965179443359375,1.9344249963760376,0.011679478920996189,12,2024
2024-12-13 12:00:00,24.75897216796875,10.222808837890625,1.7015358209609985,0.003857427043840289,12,2024
2024-12-13 22:00:00,15.97607421875,9.353515625,1.8643155097961426,0.003537764772772789,12,2024
2024-12-14 08:00:00,26.28668212890625,8.87237548828125,1.9922409057617188,0.0016737394034862518,12,2024
2024-12-14 18:00:00,17.3714599609375,8.98687744140625,1.6546721458435059,0.0024864424485713243,12,2024
2024-12-15 04:00:00,20.5484619140625,9.210540771484375,1.6478105783462524,0.0004323514294810593,12,2024
2024-12-15 14:00:00,21.164215087890625,8.70599365234375,1.5011005401611328,0.0006716023781336844,12,2024
2024-12-16 00:00:00,13.668670654296875,7.693939208984375,1.1989437341690063,0.00040290268952958286,12,2024
2024-12-16 10:00:00,27.47015380859375,5.908416748046875,1.334626317024231,1.6284329831250943e-05,12,2024
2024-12-16 20:00:00,15.4566650390625,9.17779541015625,1.1305276155471802,0.0003767839807551354,12,2024
2024-12-17 06:00:00,25.300933837890625,8.718109130859375,0.91460782289505,1.9324729692016263e-06,12,2024
2024-12-17 16:00:00,19.3902587890625,9.974517822265625,1.323304533958435,0.0028217073995620012,12,2024
2024-12-18 02:00:00,14.571563720703125,10.347320556640625,0.9356127381324768,0.002216965425759554,12,2024
2024-12-18 12:00:00,26.119232177734375,10.33001708984375,1.138879656791687,0.018483063206076622,12,2024
2024-12-18 22:00:00,16.430145263671875,10.751678466796875,1.1885300874710083,0.04513755813241005,12,2024
2024-12-19 08:00:00,27.948455810546875,11.78729248046875,0.8765853643417358,0.06524363905191422,12,2024
2024-12-19 18:00:00,20.179351806640625,13.63519287109375,0.9769690036773682,0.1076638400554657,12,2024
2024-12-20 04:00:00,23.45794677734375,15.1048583984375,0.8505035042762756,0.026460658758878708,12,2024
2024-12-20 14:00:00,24.1588134765625,15.369476318359375,0.8854925632476807,0.1143544539809227,12,2024
2024-12-21 00:00:00,18.825714111328125,15.608734130859375,0.7970244288444519,0.09274888783693314,12,2024
2024-12-21 10:00:00,28.633392333984375,14.095916748046875,0.8604108095169067,0.0855298712849617,12,2024
2024-12-21 20:00:00,19.934417724609375,14.812103271484375,1.0628113746643066,0.09587214887142181,12,2024
2024-12-22 06:00:00,26.179931640625,14.92156982421875,1.1939568519592285,0.022292768582701683,12,2024
2024-12-22 16:00:00,22.235076904296875,15.12322998046875,0.6974149942398071,0.05117640644311905,12,2024
2024-12-23 02:00:00,19.025054931640625,16.289215087890625,0.6631133556365967,0.04162471741437912,12,2024
2024-12-23 12:00:00,25.8890380859375,14.820220947265625,0.3190842568874359,0.1462090015411377,12,2024
2024-12-23 22:00:00,19.978118896484375,15.275482177734375,0.8850731253623962,0.2636334002017975,12,2024
2024-12-24 08:00:00,27.05877685546875,14.9044189453125,0.8901984095573425,0.14774096012115479,12,2024
2024-12-24 18:00:00,21.56390380859375,15.793426513671875,0.9358454346656799,0.4636721909046173,12,2024
2024-12-25 04:00:00,22.870330810546875,16.826507568359375,1.410358190536499,0.08284119516611099,12,2024
2024-12-25 14:00:00,24.168365478515625,16.924713134765625,1.2815450429916382,0.23960040509700775,12,2024
2024-12-26 00:00:00,20.257171630859375,17.61181640625,1.5661941766738892,0.26080387830734253,12,2024
2024-12-26 10:00:00,27.090362548828125,17.289459228515625,1.5882375240325928,0.35857298970222473,12,2024
2024-12-26 20:00:00,21.367431640625,18.3743896484375,1.5099924802780151,0.640265941619873,12,2024
2024-12-27 06:00:00,25.626312255859375,18.748626708984375,2.3388376235961914,0.4747578203678131,12,2024
2024-12-27 16:00:00,22.426177978515625,18.786102294921875,0.9594865441322327,1.1474217176437378,12,2024
2024-12-28 02:00:00,19.69390869140625,18.050262451171875,0.9636698365211487,0.6035179495811462,12,2024
2024-12-28 12:00:00,26.50885009765625,16.7801513671875,0.49413079023361206,0.7703978419303894,12,2024
2024-12-28 22:00:00,19.637725830078125,17.109527587890625,0.8825191855430603,0.8073298931121826,12,2024
2024-12-29 08:00:00,27.733184814453125,16.2772216796875,0.824454665184021,0.07517427951097488,12,2024
2024-12-29 18:00:00,21.08856201171875,16.6278076171875,1.2923707962036133,0.13798704743385315,12,2024
2024-12-30 04:00:00,23.0526123046875,16.855224609375,1.323848009109497,0.006635759491473436,12,2024
2024-12-30 14:00:00,24.37420654296875,15.941864013671875,1.1897679567337036,0.01726563274860382,12,2024
2024-12-31 00:00:00,18.652008056640625,16.0582275390625,1.1470826864242554,0.011311357840895653,12,2024
2024-12-31 10:00:00,28.821685791015625,14.63079833984375,0.8955672979354858,0.0013699168339371681,12,2024
2024-12-31 20:00:00,19.932861328125,15.71197509765625,1.2032358646392822,0.001532775117084384,12,2024
